-- phpMyAdmin SQL Dump
-- version 4.6.6
-- https://www.phpmyadmin.net/
--
-- Servidor: localhost:3306
-- Tiempo de generación: 07-09-2017 a las 00:39:22
-- Versión del servidor: 5.6.35
-- Versión de PHP: 5.6.30

SET SQL_MODE = "NO_AUTO_VALUE_ON_ZERO";
SET time_zone = "+00:00";


/*!40101 SET @OLD_CHARACTER_SET_CLIENT=@@CHARACTER_SET_CLIENT */;
/*!40101 SET @OLD_CHARACTER_SET_RESULTS=@@CHARACTER_SET_RESULTS */;
/*!40101 SET @OLD_COLLATION_CONNECTION=@@COLLATION_CONNECTION */;
/*!40101 SET NAMES utf8mb4 */;

--
-- Base de datos: `prograwe_egresaTecNM`
--

-- --------------------------------------------------------

--
-- Estructura de tabla para la tabla `carreras`
--

CREATE TABLE `carreras` (
  `idCarrera` int(11) NOT NULL,
  `nivel` char(1) NOT NULL DEFAULT 'L',
  `nCarrera` varchar(150) NOT NULL
) ENGINE=InnoDB DEFAULT CHARSET=latin1;

--
-- Volcado de datos para la tabla `carreras`
--

INSERT INTO `carreras` (`idCarrera`, `nivel`, `nCarrera`) VALUES
(1, 'L', 'ARQUITECTURA'),
(2, 'L', 'CONTADOR PUBLICO'),
(3, 'D', 'DOCTORADO EN CIENCIAS DE LA COMPUTACION'),
(4, 'D', 'DOCTORADO EN CIENCIAS DE LA INGENIERIA'),
(5, 'D', 'DOCTORADO EN CIENCIAS EN BIOTECNOLOGIA EN PROCESOS AGROPECUARIOS'),
(6, 'D', 'DOCTORADO EN CIENCIAS EN INGENIERIA BIOQUIMICA'),
(7, 'D', 'DOCTORADO EN CIENCIAS EN INGENIERIA ELECTRONICA'),
(8, 'D', 'DOCTORADO EN CIENCIAS EN INGENIERIA QUIMICA'),
(9, 'D', 'DOCTORADO EN CIENCIAS EN MATERIALES'),
(10, 'D', 'DOCTORADO EN CIENCIAS EN PRODUCCION AGROALIMENTARIA'),
(11, 'D', 'DOCTORADO EN CIENCIAS EN QUIMICA'),
(12, 'D', 'DOCTORADO INTERINSTITUCIONAL EN CIENCIAS EN MATERIALES'),
(13, 'D', 'DOCTORADO EN CIENCIAS EN BIOLOGIA'),
(14, 'E', 'ESPECIALIZACION EN APRENDIZAJE Y ENZEÑANZA DE LAS CIENCIAS BASICAS'),
(15, 'E', 'ESPECIALIZACION EN CALIDAD E INOCUIDAD '),
(16, 'E', 'ESPECIALIZACION EN DOCENCIA'),
(17, 'E', 'ESPECIALIZACION EN INVESTIGACION EDUCATIVA'),
(18, 'E', 'ESPECIALIZACION EN LIDERAZGO Y GESTION INSTITUCIONAL'),
(19, 'E', 'ESPECIALIZACION EN TECNOLOGIAS DE LA INFORMACION PARA EL APRENDIZAJE'),
(20, 'L', 'GASTRONOMIA'),
(21, 'L', 'INGENIERIA  CIVIL'),
(22, 'L', 'INGENIERIA AMBIENTAL'),
(23, 'L', 'INGENIERIA BIOMEDICA'),
(24, 'L', 'INGENIERIA BIOQUIMICA'),
(25, 'L', 'INGENIERIA CIVIL'),
(26, 'L', 'INGENIERIA COMERCIAL'),
(27, 'L', 'INGENIERIA DE MATERIALES'),
(28, 'L', 'INGENIERIA ELECTRICA'),
(29, 'L', 'INGENIERIA ELECTROMECANICA'),
(30, 'L', 'INGENIERIA ELECTRONICA'),
(31, 'L', 'INGENIERIA EMPRESARIAL'),
(32, 'L', 'INGENIERIA EN  DISEÑO INDUSTRIAL'),
(33, 'L', 'INGENIERIA EN ACUICULTURA'),
(34, 'L', 'INGENIERIA EN ADMINISTRACION'),
(35, 'L', 'INGENIERIA EN AERONAUTICA'),
(36, 'L', 'INGENIERIA EN AGRONOMIA'),
(37, 'L', 'INGENIERIA EN AGRONOMIA CON ESPECIALIDAD EN FITOTECNIA '),
(38, 'L', 'INGENIERIA EN AGRONOMIA CON ESPECIALIDAD EN PRODUCCION PECUARIA '),
(39, 'L', 'INGENIERIA EN ANIMACION DIGITAL Y EFECTOS VISUALES'),
(40, 'L', 'INGENIERIA EN BIOTECNOLOGIA'),
(41, 'L', 'INGENIERIA EN DESARROLLO COMUNITARIO'),
(42, 'L', 'INGENIERIA EN DISEÑO INDUSTRIAL'),
(43, 'L', 'INGENIERIA EN EDUCACION A DISTANCIA'),
(44, 'L', 'INGENIERIA EN ELECTROMECANICA'),
(45, 'L', 'INGENIERIA EN ELECTRONICA'),
(46, 'L', 'INGENIERIA EN ENERGIAS RENOVABLES'),
(47, 'L', 'INGENIERIA EN GEOCIENCIAS'),
(48, 'L', 'INGENIERIA EN GESTION EMPRESARIAL'),
(49, 'L', 'INGENIERIA EN INDUSTRIAS ALIMENTARIAS'),
(50, 'L', 'INGENIERIA EN INFORMATICA'),
(51, 'L', 'INGENIERIA EN INNOVACION AGRICOLA SUSTENTABLE'),
(52, 'L', 'INGENIERIA EN INSDUSTRIAS ALIMENTARIAS '),
(53, 'L', 'INGENIERIA EN LOGISTICA'),
(54, 'L', 'INGENIERIA EN MATERIALES'),
(55, 'L', 'INGENIERIA EN MECATRONICA'),
(56, 'L', 'INGENIERIA EN MINERIA'),
(57, 'L', 'INGENIERIA EN NANOTECNOLOGIA'),
(58, 'L', 'INGENIERIA EN PESQUERIAS'),
(59, 'L', 'INGENIERIA EN SISTEMAS AUTOMOTRICES'),
(60, 'L', 'INGENIERIA EN SISTEMAS COMPUTACIONALES'),
(61, 'L', 'INGENIERIA EN TECNOLOGIAS DE LA INFORMACION Y COMUNICACIONES'),
(62, 'L', 'INGENIERIA FORESTAL'),
(63, 'L', 'INGENIERIA GEOCIENCIAS'),
(64, 'L', 'INGENIERIA HIDROLOGICA'),
(65, 'L', 'INGENIERIA INDUSTRIAL'),
(66, 'L', 'INGENIERIA INFORMATICA'),
(67, 'L', 'INGENIERIA INFORMATICA Y SISTEMAS'),
(68, 'L', 'INGENIERIA INNOVACION AGRICOLA SUSTENTABLE'),
(69, 'L', 'INGENIERIA LOGISTICA'),
(70, 'L', 'INGENIERIA MATERIALES'),
(71, 'L', 'INGENIERIA MECANICA'),
(72, 'L', 'INGENIERIA MECATRONICA'),
(73, 'L', 'INGENIERIA NAVAL'),
(74, 'L', 'INGENIERIA PETROLERA'),
(75, 'L', 'INGENIERIA QUIMICA'),
(76, 'L', 'INGENIERIA SISTEMAS A DISTANCIA'),
(77, 'L', 'INGENIERO CIVIL'),
(78, 'L', 'INGENIERO EN ACUICULTURA'),
(79, 'L', 'INGENIERO EN ADMINISTRACION'),
(80, 'L', 'INGENIERO EN PESQUERIAS '),
(81, 'L', 'INNOVACION AGRICOLA'),
(82, 'L', 'LICENCIATUA EN BIOLOGIA'),
(83, 'L', 'LICENCIATURA ANIMACION DIGITAL Y EFECTOS VISUALES'),
(84, 'L', 'LICENCIATURA CONTADOR PUBLICO'),
(85, 'L', 'LICENCIATURA EN ADMINISTRACION'),
(86, 'L', 'LICENCIATURA EN ARQUITECTURA'),
(87, 'L', 'LICENCIATURA EN BIOLOGIA'),
(88, 'L', 'LICENCIATURA EN BIOLOGIA CON ESPECIALIDAD EN AGROECOLOGIA '),
(89, 'L', 'LICENCIATURA EN BIOLOGIA CON ESPECIALIDAD EN RECURSOS NATURALES '),
(90, 'L', 'LICENCIATURA EN CONTABILIDAD'),
(91, 'L', 'LICENCIATURA EN CONTADOR PUBLICO'),
(92, 'L', 'LICENCIATURA EN CONTADURIA'),
(93, 'L', 'LICENCIATURA EN CONTADURIA PUBLICA'),
(94, 'L', 'LICENCIATURA EN INFORMATICA'),
(95, 'L', 'LICENCIATURA EN TIC\'S'),
(96, 'L', 'LICENCIATURA EN TURISMO'),
(97, 'L', 'LICENCIATURA GASTRONONOMIA '),
(98, 'L', 'LICENCIATURAENBIOLOGIA'),
(99, 'M', 'MAESTRIA EN ADMINISTRACION'),
(100, 'M', 'MAESTRIA EN ADMINISTRACION DE NEGOCIOS'),
(101, 'M', 'MAESTRIA EN ADMINISTRACION INDUSTRIAL'),
(102, 'M', 'MAESTRIA EN ADMINISTRACION Y POLITICAS PUBLICAS '),
(103, 'M', 'MAESTRIA EN ARQUITECTURA SOSTENIBLE Y GESTION URBANA'),
(104, 'M', 'MAESTRIA EN CIENCIAS AMBIENTALES'),
(105, 'M', 'MAESTRIA EN CIENCIAS DE INGENIERIA BIOQUIMICA'),
(106, 'M', 'MAESTRIA EN CIENCIAS DE LA COMPUTACION'),
(107, 'M', 'MAESTRIA EN CIENCIAS DE LA INGENIERIA'),
(108, 'M', 'MAESTRIA EN CIENCIAS DE LA INGENIERIA INDUSTRIAL (POSGRADO CON LA INDUSTRIA)'),
(109, 'M', 'MAESTRIA EN CIENCIAS EN BIOTECNOLOGIA AGROPECUARIA'),
(110, 'M', 'MAESTRIA EN CIENCIAS EN INGENIERIA BIOQUIMICA'),
(111, 'M', 'MAESTRIA EN CIENCIAS EN INGENIERIA ELECTRICA'),
(112, 'M', 'MAESTRIA EN CIENCIAS EN INGENIERIA ELECTRONICA'),
(113, 'M', 'MAESTRIA EN CIENCIAS EN INGENIERIA MECANICA'),
(114, 'M', 'MAESTRIA EN CIENCIAS EN INGENIERIA MECATRONICA'),
(115, 'M', 'MAESTRIA EN CIENCIAS EN INGENIERIA QUIMICA'),
(116, 'M', 'MAESTRIA EN CIENCIAS EN MANEJO DE ZONA COSTERA '),
(117, 'M', 'MAESTRIA EN CIENCIAS EN PESQUERIAS SUSTENTABLES'),
(118, 'M', 'MAESTRIA EN CIENCIAS EN PRODUCCION Y TECNOLOGIA DE SEMILLAS'),
(119, 'M', 'MAESTRIA EN CIENCIAS EN PRODUCTIVIDAD DE AGROECOSISTEMAS'),
(120, 'M', 'MAESTRIA EN CIENCIAS EN QUIMICA'),
(121, 'M', 'MAESTRIA EN DE LA INGENIERIA'),
(122, 'M', 'MAESTRIA EN EDUCACION'),
(123, 'M', 'MAESTRIA EN EFICIENCIA ENERGETICA Y ENERGIAS RENOVABLES'),
(124, 'M', 'MAESTRIA EN GESTION ADMINISTRATIVA'),
(125, 'M', 'MAESTRIA EN INGENIERIA '),
(126, 'M', 'MAESTRIA EN INGENIERIA ELECTRICA'),
(127, 'M', 'MAESTRIA EN INGENIERIA ELECTRONICA'),
(128, 'M', 'MAESTRIA EN INGENIERIA INDUSTRIAL'),
(129, 'M', 'MAESTRIA EN INGENIERIA MECATRONICA'),
(130, 'M', 'MAESTRIA EN INGENIERIA QUIMICA'),
(131, 'M', 'MAESTRIA EN INNOVACION APLICADA'),
(132, 'M', 'MAESTRIA EN PLANIFICACION DE EMPRESAS Y DESARROLLO REGIONAL'),
(133, 'M', 'MAESTRIA EN PLANIFICACION Y DESARROLLO EMPRESARIAL '),
(134, 'M', 'MAESTRIA EN PRODUCCION PECUARIA TROPICAL'),
(135, 'M', 'MAESTRIA EN SISTEMAS AMBIENTALES '),
(136, 'M', 'MAESTRIA EN SISTEMAS COMPUTACIONALES'),
(137, 'M', 'MAESTRIA EN TECNOLOGIAS DE LA INFORMACION'),
(138, 'M', 'MAESTRIA EN URBANISMO'),
(139, 'M', 'MAESTRIA EN CIENCIAS EN BIOLOGIA'),
(142, 'D', 'DOCTORADO MEDIOS DE VERIFICACION CONACYT'),
(143, 'M', 'MAESTRIA MEDIOS DE VERIFICACION CONACYT ');

-- --------------------------------------------------------

--
-- Estructura de tabla para la tabla `estados`
--

CREATE TABLE `estados` (
  `idEstado` int(11) NOT NULL,
  `estado` char(40) CHARACTER SET latin1 NOT NULL,
  `ruta` char(40) CHARACTER SET latin1 NOT NULL
) ENGINE=InnoDB DEFAULT CHARSET=utf8 COLLATE=utf8_spanish_ci;

--
-- Volcado de datos para la tabla `estados`
--

INSERT INTO `estados` (`idEstado`, `estado`, `ruta`) VALUES
(1, 'Aguascalientes', 'estados/Aguascalientes.jpg'),
(2, 'Baja California', 'estados/Baja California.jpg'),
(3, 'Baja California Sur', 'estados/Baja California Sur.jpg'),
(4, 'Campeche', 'estados/Campeche.jpg'),
(5, 'Coahuila de Zaragoza', 'estados/Coahuila.jpg'),
(6, 'Colima', 'estados/Colima.jpg'),
(7, 'Chiapas', 'estados/Chiapas.jpg'),
(8, 'Chihuahua', 'estados/Chihuahua.jpg'),
(9, 'Distrito Federal', 'estados/Distrito Federal.jpg'),
(10, 'Durango', 'estados/Durango.jpg'),
(11, 'Guanajuato', 'estados/Guanajuato.jpg'),
(12, 'Guerrero', 'estados/Guerrero.jpg'),
(13, 'Hidalgo', 'estados/Hidalgo.jpg'),
(14, 'Jalisco', 'estados/Jalisco.jpg'),
(15, 'Estado de México', 'estados/Estado de Mexico.jpg'),
(16, 'Michoacán de Ocampo', 'estados/Michoacan.jpg'),
(17, 'Morelos', 'estados/Morelos.jpg'),
(18, 'Nayarit', 'estados/Nayarit.jpg'),
(19, 'Nuevo León', 'estados/Nuevo Leon.jpg'),
(20, 'Oaxaca', 'estados/Oaxaca.jpg'),
(21, 'Puebla', 'estados/Puebla.jpg'),
(22, 'Queretaro', 'estados/Queretaro.jpg'),
(23, 'Quintana Roo', 'estados/Quintana Roo.jpg'),
(24, 'San Luis Potosí', 'estados/San Luis Potosi.jpg'),
(25, 'Sinaloa', 'estados/Sinaloa.jpg'),
(26, 'Sonora', 'estados/Sonora.jpg'),
(27, 'Tabasco', 'estados/Tabasco.jpg'),
(28, 'Tamaulipas', 'estados/Tamaulipas.jpg'),
(29, 'Tlaxcala', 'estados/Tlaxcala.jpg'),
(30, 'Veracruz de Ignacio de la Llave', 'estados/Veracruz.jpg'),
(31, 'Yucatán', 'estados/Yucatan.jpg'),
(32, 'Zacatecas', 'estados/Zacatecas.jpg'),
(33, 'Extranjero', '');

-- --------------------------------------------------------

--
-- Estructura de tabla para la tabla `imparte`
--

CREATE TABLE `imparte` (
  `IdImparte` int(11) NOT NULL,
  `idTecnologico` int(11) NOT NULL,
  `idCarrera` int(11) NOT NULL
) ENGINE=InnoDB DEFAULT CHARSET=latin1;

--
-- Volcado de datos para la tabla `imparte`
--

INSERT INTO `imparte` (`IdImparte`, `idTecnologico`, `idCarrera`) VALUES
(1, 1, 27),
(2, 1, 28),
(3, 1, 30),
(4, 1, 48),
(5, 1, 61),
(6, 1, 65),
(7, 1, 71),
(8, 1, 75),
(9, 1, 85),
(10, 1, 99),
(11, 1, 121),
(12, 1, 130),
(13, 2, 5),
(14, 2, 36),
(15, 2, 40),
(16, 2, 48),
(17, 2, 51),
(18, 2, 61),
(19, 2, 85),
(20, 2, 109),
(21, 3, 48),
(22, 3, 61),
(23, 3, 65),
(24, 3, 69),
(25, 3, 72),
(26, 4, 4),
(27, 4, 29),
(28, 4, 30),
(29, 4, 48),
(30, 4, 60),
(31, 4, 65),
(32, 4, 72),
(33, 4, 85),
(34, 4, 107),
(35, 5, 2),
(36, 5, 28),
(37, 5, 30),
(38, 5, 46),
(39, 5, 48),
(40, 5, 54),
(41, 5, 60),
(42, 5, 65),
(43, 5, 69),
(44, 5, 71),
(45, 5, 72),
(46, 5, 75),
(47, 5, 126),
(48, 6, 1),
(49, 6, 2),
(50, 6, 3),
(51, 6, 4),
(52, 6, 11),
(53, 6, 12),
(54, 6, 22),
(55, 6, 23),
(56, 6, 24),
(57, 6, 25),
(58, 6, 29),
(59, 6, 30),
(60, 6, 34),
(61, 6, 42),
(62, 6, 48),
(63, 6, 53),
(64, 6, 57),
(65, 6, 60),
(66, 6, 61),
(67, 6, 65),
(68, 6, 66),
(69, 6, 71),
(70, 6, 75),
(71, 6, 85),
(72, 6, 99),
(73, 6, 106),
(74, 6, 107),
(75, 6, 108),
(76, 6, 128),
(77, 7, 1),
(78, 7, 2),
(79, 7, 24),
(80, 7, 25),
(81, 7, 29),
(82, 7, 48),
(83, 7, 60),
(84, 7, 65),
(85, 7, 85),
(86, 7, 132),
(87, 7, 136),
(88, 8, 1),
(89, 8, 22),
(90, 8, 25),
(91, 8, 34),
(92, 8, 48),
(93, 8, 60),
(94, 8, 65),
(95, 8, 65),
(96, 8, 71),
(97, 8, 75),
(98, 9, 34),
(99, 9, 36),
(100, 9, 48),
(101, 9, 49),
(102, 9, 62),
(103, 9, 66),
(104, 9, 87),
(105, 10, 28),
(106, 10, 33),
(107, 10, 48),
(108, 10, 71),
(109, 10, 72),
(110, 11, 24),
(111, 11, 34),
(112, 11, 49),
(113, 11, 50),
(114, 11, 51),
(115, 11, 54),
(116, 11, 60),
(117, 11, 65),
(118, 11, 72),
(119, 14, 29),
(120, 14, 34),
(121, 14, 60),
(122, 14, 65),
(123, 14, 72),
(124, 14, 74),
(125, 15, 28),
(126, 15, 30),
(127, 15, 46),
(128, 15, 48),
(129, 15, 60),
(130, 15, 65),
(131, 15, 71),
(132, 15, 72),
(133, 15, 75),
(134, 15, 85),
(135, 16, 2),
(136, 16, 30),
(137, 16, 48),
(138, 16, 60),
(139, 16, 61),
(140, 16, 65),
(141, 16, 72),
(142, 17, 28),
(143, 17, 30),
(144, 17, 48),
(145, 17, 60),
(146, 17, 65),
(147, 17, 70),
(148, 17, 71),
(149, 22, 34),
(150, 22, 36),
(151, 22, 48),
(152, 22, 49),
(153, 22, 66),
(154, 22, 69),
(155, 23, 1),
(156, 23, 2),
(157, 23, 22),
(158, 23, 24),
(159, 23, 48),
(160, 23, 60),
(161, 23, 65),
(162, 23, 66),
(163, 23, 72),
(164, 23, 85),
(165, 24, 41),
(166, 24, 48),
(167, 24, 51),
(168, 24, 60),
(169, 24, 61),
(170, 24, 65),
(171, 24, 85),
(172, 25, 48),
(173, 25, 51),
(174, 25, 60),
(175, 26, 25),
(176, 26, 29),
(177, 26, 48),
(178, 26, 60),
(179, 26, 65),
(180, 26, 66),
(181, 26, 75),
(182, 27, 24),
(183, 27, 28),
(184, 27, 30),
(185, 27, 48),
(186, 27, 60),
(187, 27, 65),
(188, 27, 69),
(189, 27, 71),
(190, 27, 75),
(191, 28, 2),
(192, 28, 29),
(193, 28, 48),
(194, 28, 60),
(195, 28, 65),
(196, 28, 72),
(197, 29, 29),
(198, 29, 46),
(199, 29, 48),
(200, 29, 60),
(201, 29, 61),
(202, 29, 65),
(203, 30, 1),
(204, 30, 2),
(205, 30, 29),
(206, 30, 48),
(207, 30, 55),
(208, 30, 56),
(209, 30, 60),
(210, 30, 61),
(211, 30, 65),
(212, 30, 75),
(213, 30, 85),
(214, 31, 42),
(215, 31, 48),
(216, 31, 61),
(217, 32, 1),
(218, 32, 34),
(219, 32, 65),
(220, 33, 48),
(221, 33, 60),
(222, 33, 65),
(223, 33, 72),
(224, 34, 34),
(225, 34, 61),
(226, 34, 69),
(227, 35, 25),
(228, 35, 48),
(229, 35, 66),
(230, 36, 24),
(231, 36, 48),
(232, 36, 49),
(233, 36, 60),
(234, 37, 48),
(235, 37, 60),
(236, 37, 65),
(237, 38, 1),
(238, 38, 30),
(239, 38, 59),
(240, 38, 60),
(241, 38, 72),
(242, 39, 48),
(243, 39, 61),
(244, 39, 69),
(245, 39, 71),
(246, 40, 34),
(247, 40, 46),
(248, 40, 65),
(249, 40, 66),
(250, 41, 30),
(251, 41, 48),
(252, 41, 61),
(253, 42, 22),
(254, 42, 48),
(255, 42, 61),
(256, 42, 65),
(257, 42, 69),
(258, 43, 1),
(259, 43, 6),
(260, 43, 24),
(261, 43, 25),
(262, 43, 28),
(263, 43, 30),
(264, 43, 48),
(265, 43, 60),
(266, 43, 61),
(267, 43, 65),
(268, 43, 66),
(269, 43, 71),
(270, 43, 72),
(271, 43, 75),
(272, 43, 85),
(273, 43, 110),
(274, 43, 112),
(275, 43, 125),
(276, 43, 133),
(277, 43, 135),
(278, 44, 48),
(279, 44, 62),
(280, 44, 66),
(281, 45, 2),
(282, 45, 36),
(283, 45, 41),
(284, 45, 50),
(285, 45, 51),
(286, 45, 82),
(287, 46, 4),
(288, 46, 6),
(289, 46, 7),
(290, 46, 8),
(291, 46, 22),
(292, 46, 24),
(293, 46, 45),
(294, 46, 48),
(295, 46, 50),
(296, 46, 60),
(297, 46, 65),
(298, 46, 71),
(299, 46, 72),
(300, 46, 75),
(301, 46, 85),
(302, 46, 105),
(303, 46, 112),
(304, 46, 113),
(305, 46, 115),
(306, 46, 124),
(307, 46, 128),
(308, 46, 131),
(309, 47, 3),
(310, 47, 29),
(311, 47, 30),
(312, 47, 48),
(313, 47, 53),
(314, 47, 60),
(315, 47, 61),
(316, 47, 65),
(317, 47, 72),
(318, 47, 106),
(319, 48, 10),
(320, 48, 36),
(321, 48, 48),
(322, 48, 49),
(323, 48, 61),
(324, 48, 64),
(325, 48, 81),
(326, 48, 118),
(327, 48, 142),
(328, 48, 143),
(329, 49, 1),
(330, 49, 24),
(331, 49, 29),
(332, 49, 48),
(333, 49, 60),
(334, 49, 85),
(335, 49, 90),
(336, 49, 132),
(337, 49, 136),
(338, 50, 2),
(339, 50, 25),
(340, 50, 48),
(341, 50, 50),
(342, 50, 60),
(343, 51, 36),
(344, 51, 50),
(345, 51, 85),
(346, 51, 87),
(347, 52, 1),
(348, 52, 2),
(349, 52, 29),
(350, 52, 48),
(351, 52, 60),
(352, 52, 61),
(353, 52, 85),
(354, 53, 2),
(355, 53, 48),
(356, 53, 60),
(357, 53, 65),
(358, 53, 66),
(359, 54, 48),
(360, 54, 50),
(361, 54, 94),
(362, 54, 96),
(363, 55, 60),
(364, 55, 65),
(365, 55, 72),
(366, 55, 75),
(367, 56, 36),
(368, 56, 41),
(369, 56, 48),
(370, 56, 60),
(371, 56, 87),
(372, 57, 25),
(373, 57, 28),
(374, 57, 42),
(375, 57, 48),
(376, 57, 60),
(377, 57, 61),
(378, 57, 65),
(379, 57, 71),
(380, 57, 75),
(381, 57, 85),
(382, 57, 86),
(383, 57, 94),
(384, 58, 2),
(385, 58, 22),
(386, 58, 28),
(387, 58, 30),
(388, 58, 48),
(389, 58, 60),
(390, 58, 65),
(391, 58, 66),
(392, 58, 71),
(393, 58, 86),
(394, 59, 29),
(395, 59, 48),
(396, 59, 60),
(397, 59, 65),
(398, 59, 69),
(399, 59, 93),
(400, 60, 22),
(401, 60, 36),
(402, 60, 49),
(403, 60, 51),
(404, 60, 60),
(405, 61, 28),
(406, 61, 29),
(407, 61, 34),
(408, 61, 48),
(409, 61, 61),
(410, 61, 65),
(411, 61, 71),
(412, 61, 72),
(413, 62, 29),
(414, 62, 30),
(415, 62, 48),
(416, 62, 60),
(417, 62, 61),
(418, 62, 65),
(419, 62, 69),
(420, 62, 72),
(421, 62, 75),
(422, 63, 1),
(423, 63, 2),
(424, 63, 24),
(425, 63, 48),
(426, 63, 60),
(427, 63, 65),
(428, 63, 66),
(429, 63, 85),
(430, 64, 24),
(431, 64, 48),
(432, 64, 60),
(433, 64, 65),
(434, 64, 72),
(435, 64, 85),
(436, 64, 95),
(437, 65, 2),
(438, 65, 30),
(439, 65, 48),
(440, 65, 60),
(441, 65, 65),
(442, 65, 75),
(443, 65, 85),
(444, 66, 2),
(445, 66, 24),
(446, 66, 28),
(447, 66, 30),
(448, 66, 48),
(449, 66, 54),
(450, 66, 60),
(451, 66, 61),
(452, 66, 65),
(453, 66, 66),
(454, 66, 71),
(455, 66, 72),
(456, 66, 85),
(457, 67, 1),
(458, 67, 2),
(459, 67, 25),
(460, 67, 29),
(461, 67, 48),
(462, 67, 60),
(463, 67, 65),
(464, 67, 85),
(465, 68, 22),
(466, 68, 36),
(467, 68, 62),
(468, 68, 68),
(469, 68, 85),
(470, 69, 2),
(471, 69, 30),
(472, 69, 48),
(473, 69, 60),
(474, 69, 65),
(475, 69, 72),
(476, 70, 24),
(477, 70, 25),
(478, 70, 29),
(479, 70, 60),
(480, 70, 65),
(481, 70, 75),
(482, 70, 85),
(483, 70, 96),
(484, 71, 22),
(485, 71, 85),
(486, 71, 87),
(487, 71, 96),
(488, 72, 41),
(489, 72, 48),
(490, 72, 61),
(491, 73, 48),
(492, 73, 49),
(493, 74, 1),
(494, 74, 24),
(495, 74, 25),
(496, 74, 28),
(497, 74, 48),
(498, 74, 60),
(499, 74, 61),
(500, 74, 65),
(501, 74, 72),
(502, 74, 75),
(503, 74, 85),
(504, 75, 44),
(505, 75, 48),
(506, 75, 60),
(507, 75, 65),
(508, 76, 22),
(509, 76, 44),
(510, 76, 45),
(511, 76, 48),
(512, 76, 60),
(513, 76, 65),
(514, 76, 72),
(515, 76, 76),
(516, 77, 36),
(517, 77, 48),
(518, 77, 49),
(519, 77, 50),
(520, 78, 37),
(521, 78, 38),
(522, 78, 88),
(523, 78, 89),
(524, 79, 1),
(525, 79, 2),
(526, 79, 25),
(527, 79, 28),
(528, 79, 29),
(529, 79, 48),
(530, 79, 60),
(531, 79, 65),
(532, 79, 66),
(533, 79, 71),
(534, 79, 72),
(535, 80, 25),
(536, 80, 28),
(537, 80, 45),
(538, 80, 48),
(539, 80, 60),
(540, 80, 65),
(541, 80, 71),
(542, 80, 75),
(543, 80, 85),
(544, 81, 2),
(545, 81, 34),
(546, 81, 36),
(547, 81, 48),
(548, 81, 60),
(549, 81, 65),
(550, 81, 66),
(551, 82, 41),
(552, 82, 48),
(553, 82, 65),
(554, 83, 30),
(555, 83, 33),
(556, 83, 48),
(557, 83, 61),
(558, 83, 71),
(559, 84, 25),
(560, 84, 48),
(561, 84, 60),
(562, 85, 2),
(563, 85, 24),
(564, 85, 25),
(565, 85, 29),
(566, 85, 30),
(567, 85, 48),
(568, 85, 60),
(569, 85, 66),
(570, 85, 85),
(571, 86, 36),
(572, 86, 50),
(573, 86, 61),
(574, 86, 62),
(575, 86, 87),
(576, 87, 28),
(577, 87, 30),
(578, 87, 48),
(579, 87, 53),
(580, 87, 61),
(581, 87, 65),
(582, 87, 71),
(583, 87, 85),
(584, 87, 94),
(585, 88, 36),
(586, 88, 48),
(587, 88, 60),
(588, 89, 54),
(589, 89, 60),
(590, 89, 71),
(591, 89, 72),
(592, 90, 45),
(593, 90, 48),
(594, 90, 48),
(595, 90, 60),
(596, 90, 61),
(597, 90, 65),
(598, 91, 2),
(599, 91, 12),
(600, 91, 25),
(601, 91, 29),
(602, 91, 34),
(603, 91, 48),
(604, 91, 60),
(605, 91, 66),
(606, 91, 72),
(607, 91, 85),
(608, 91, 92),
(609, 91, 104),
(610, 92, 1),
(611, 92, 2),
(612, 92, 25),
(613, 92, 28),
(614, 92, 34),
(615, 92, 48),
(616, 92, 60),
(617, 92, 61),
(618, 92, 85),
(619, 92, 87),
(620, 93, 36),
(621, 93, 48),
(622, 93, 62),
(623, 93, 66),
(624, 94, 22),
(625, 94, 48),
(626, 94, 49),
(627, 94, 60),
(628, 94, 65),
(629, 95, 25),
(630, 95, 48),
(631, 95, 60),
(632, 95, 65),
(633, 95, 93),
(634, 96, 28),
(635, 96, 30),
(636, 96, 48),
(637, 96, 50),
(638, 96, 60),
(639, 96, 65),
(640, 96, 71),
(641, 96, 72),
(642, 96, 85),
(643, 96, 96),
(644, 97, 4),
(645, 97, 22),
(646, 97, 24),
(647, 97, 28),
(648, 97, 30),
(649, 97, 46),
(650, 97, 48),
(651, 97, 60),
(652, 97, 61),
(653, 97, 65),
(654, 97, 71),
(655, 97, 72),
(656, 97, 106),
(657, 97, 107),
(658, 97, 128),
(659, 98, 24),
(660, 98, 30),
(661, 98, 48),
(662, 98, 58),
(663, 98, 60),
(664, 98, 71),
(665, 98, 73),
(666, 98, 117),
(667, 99, 49),
(668, 99, 64),
(669, 99, 65),
(670, 100, 65),
(671, 100, 77),
(672, 100, 78),
(673, 100, 79),
(674, 100, 80),
(675, 100, 85),
(676, 100, 116),
(677, 101, 2),
(678, 101, 25),
(679, 101, 30),
(680, 101, 48),
(681, 101, 60),
(682, 101, 65),
(683, 101, 72),
(684, 101, 136),
(685, 101, 138),
(686, 102, 47),
(687, 102, 48),
(688, 102, 65),
(689, 102, 74),
(690, 103, 22),
(691, 103, 24),
(692, 103, 25),
(693, 103, 48),
(694, 103, 50),
(695, 103, 60),
(696, 103, 61),
(697, 103, 65),
(698, 103, 74),
(699, 103, 75),
(700, 103, 85),
(701, 104, 36),
(702, 104, 48),
(703, 104, 53),
(704, 104, 60),
(705, 104, 65),
(706, 104, 85),
(707, 104, 87),
(708, 104, 134),
(709, 105, 3),
(710, 105, 4),
(711, 105, 8),
(712, 105, 9),
(713, 105, 22),
(714, 105, 28),
(715, 105, 30),
(716, 105, 47),
(717, 105, 48),
(718, 105, 60),
(719, 105, 61),
(720, 105, 65),
(721, 105, 71),
(722, 105, 74),
(723, 105, 75),
(724, 105, 106),
(725, 105, 115),
(726, 105, 119),
(727, 105, 124),
(728, 105, 126),
(729, 105, 129),
(730, 106, 13),
(731, 106, 21),
(732, 106, 30),
(733, 106, 46),
(734, 106, 48),
(735, 106, 60),
(736, 106, 65),
(737, 106, 66),
(738, 106, 71),
(739, 106, 94),
(740, 106, 98),
(741, 106, 128),
(742, 106, 136),
(743, 106, 139),
(744, 107, 2),
(745, 107, 22),
(746, 107, 25),
(747, 107, 29),
(748, 107, 30),
(749, 107, 48),
(750, 107, 60),
(751, 107, 61),
(752, 107, 65),
(753, 107, 72),
(754, 107, 75),
(755, 107, 85),
(756, 107, 101),
(757, 108, 1),
(758, 108, 2),
(759, 108, 25),
(760, 108, 30),
(761, 108, 48),
(762, 108, 60),
(763, 108, 65),
(764, 108, 71),
(765, 108, 72),
(766, 108, 85),
(767, 108, 92),
(768, 109, 1),
(769, 109, 25),
(770, 109, 29),
(771, 109, 30),
(772, 109, 48),
(773, 109, 60),
(774, 109, 61),
(775, 109, 65),
(776, 109, 72),
(777, 109, 74),
(778, 109, 85),
(779, 109, 94),
(780, 111, 25),
(781, 111, 29),
(782, 111, 30),
(783, 111, 34),
(784, 111, 48),
(785, 111, 60),
(786, 111, 61),
(787, 111, 65),
(788, 111, 72),
(789, 112, 25),
(790, 112, 33),
(791, 112, 48),
(792, 112, 49),
(793, 112, 71),
(794, 112, 73),
(795, 112, 85),
(796, 112, 87),
(797, 113, 2),
(798, 113, 25),
(799, 113, 29),
(800, 113, 48),
(801, 113, 60),
(802, 113, 61),
(803, 113, 65),
(804, 113, 85),
(805, 114, 22),
(806, 114, 29),
(807, 114, 30),
(808, 114, 31),
(809, 114, 60),
(810, 114, 65),
(811, 114, 75),
(812, 114, 85),
(813, 115, 28),
(814, 115, 30),
(815, 115, 48),
(816, 115, 60),
(817, 115, 65),
(818, 115, 66),
(819, 115, 71),
(820, 115, 75),
(821, 116, 36),
(822, 116, 48),
(823, 116, 49),
(824, 116, 85),
(825, 116, 87),
(826, 117, 24),
(827, 117, 28),
(828, 117, 30),
(829, 117, 46),
(830, 117, 48),
(831, 117, 60),
(832, 117, 65),
(833, 117, 71),
(834, 117, 72),
(835, 117, 75),
(836, 117, 85),
(837, 118, 36),
(838, 118, 41),
(839, 118, 61),
(840, 118, 85),
(841, 118, 87),
(842, 119, 22),
(843, 119, 23),
(844, 119, 24),
(845, 119, 25),
(846, 119, 28),
(847, 119, 48),
(848, 119, 60),
(849, 119, 65),
(850, 119, 71),
(851, 119, 75),
(852, 119, 85),
(853, 119, 85),
(854, 120, 36),
(855, 120, 48),
(856, 120, 50),
(857, 120, 85),
(858, 120, 87),
(859, 121, 1),
(860, 121, 29),
(861, 121, 48),
(862, 121, 54),
(863, 121, 60),
(864, 121, 65),
(865, 121, 66),
(866, 121, 85),
(867, 125, 28),
(868, 125, 29),
(869, 125, 30),
(870, 125, 43),
(871, 125, 54),
(872, 125, 65),
(873, 125, 71),
(874, 125, 75),
(875, 125, 85),
(876, 126, 1),
(877, 126, 32),
(878, 126, 48),
(879, 126, 60),
(880, 126, 65),
(881, 126, 66),
(882, 126, 85),
(883, 127, 1),
(884, 127, 48),
(885, 127, 53),
(886, 127, 55),
(887, 127, 60),
(888, 127, 65),
(889, 127, 85),
(890, 127, 91),
(891, 128, 2),
(892, 128, 28),
(893, 128, 29),
(894, 128, 30),
(895, 128, 48),
(896, 128, 53),
(897, 128, 55),
(898, 128, 60),
(899, 128, 61),
(900, 128, 65),
(901, 128, 71),
(902, 128, 85),
(903, 129, 25),
(904, 129, 29),
(905, 129, 30),
(906, 129, 48),
(907, 129, 49),
(908, 129, 60),
(909, 129, 62),
(910, 129, 63),
(911, 129, 65),
(912, 129, 74),
(913, 130, 48),
(914, 130, 60),
(915, 130, 62),
(916, 131, 24),
(917, 131, 25),
(918, 131, 29),
(919, 131, 36),
(920, 131, 48),
(921, 131, 60),
(922, 131, 65),
(923, 131, 66),
(924, 131, 72),
(925, 131, 75),
(926, 132, 24),
(927, 132, 28),
(928, 132, 30),
(929, 132, 48),
(930, 132, 60),
(931, 132, 65),
(932, 132, 66),
(933, 132, 71),
(934, 132, 72),
(935, 132, 74),
(936, 132, 75),
(937, 132, 83),
(938, 132, 85),
(939, 133, 30),
(940, 133, 48),
(941, 133, 60),
(942, 133, 65),
(943, 133, 66),
(944, 133, 68),
(945, 133, 74),
(946, 133, 84),
(947, 134, 22),
(948, 134, 30),
(949, 134, 34),
(950, 134, 51),
(951, 134, 52),
(952, 134, 60),
(953, 134, 65),
(954, 134, 72),
(955, 134, 84),
(956, 135, 41),
(957, 135, 48),
(958, 135, 60),
(959, 135, 62),
(960, 135, 68),
(961, 136, 48),
(962, 136, 60),
(963, 136, 65),
(964, 136, 71),
(965, 136, 84),
(966, 137, 29),
(967, 137, 48),
(968, 137, 49),
(969, 137, 60),
(970, 137, 65),
(971, 137, 93),
(972, 138, 20),
(973, 138, 22),
(974, 138, 24),
(975, 138, 25),
(976, 138, 29),
(977, 138, 30),
(978, 138, 48),
(979, 138, 49),
(980, 138, 60),
(981, 138, 65),
(982, 138, 72),
(983, 138, 136),
(984, 139, 48),
(985, 139, 49),
(986, 139, 62),
(987, 139, 65),
(988, 139, 66),
(989, 140, 22),
(990, 140, 24),
(991, 140, 25),
(992, 140, 29),
(993, 140, 48),
(994, 140, 60),
(995, 140, 61),
(996, 140, 65),
(997, 140, 74),
(998, 140, 128),
(999, 140, 136),
(1000, 141, 22),
(1001, 141, 48),
(1002, 141, 49),
(1003, 141, 60),
(1004, 141, 72),
(1005, 142, 29),
(1006, 142, 30),
(1007, 142, 46),
(1008, 142, 47),
(1009, 142, 48),
(1010, 142, 57),
(1011, 142, 60),
(1012, 142, 65),
(1013, 142, 72),
(1014, 142, 74),
(1015, 142, 84),
(1016, 143, 22),
(1017, 143, 34),
(1018, 143, 49),
(1019, 143, 60),
(1020, 143, 61),
(1021, 143, 65),
(1022, 144, 41),
(1023, 144, 48),
(1024, 144, 60),
(1025, 145, 22),
(1026, 145, 30),
(1027, 145, 36),
(1028, 145, 48),
(1029, 145, 60),
(1030, 145, 65),
(1031, 145, 72),
(1032, 145, 74),
(1033, 145, 84),
(1034, 147, 30),
(1035, 147, 48),
(1036, 147, 50),
(1037, 147, 60),
(1038, 147, 65),
(1039, 147, 84),
(1040, 148, 48),
(1041, 148, 53),
(1042, 148, 61),
(1043, 148, 65),
(1044, 149, 22),
(1045, 149, 24),
(1046, 149, 25),
(1047, 149, 29),
(1048, 149, 60),
(1049, 149, 65),
(1050, 149, 85),
(1051, 150, 25),
(1052, 150, 29),
(1053, 150, 48),
(1054, 150, 49),
(1055, 150, 60),
(1056, 150, 65),
(1057, 150, 72),
(1058, 150, 74),
(1059, 151, 24),
(1060, 151, 29),
(1061, 151, 34),
(1062, 151, 36),
(1063, 151, 44),
(1064, 151, 46),
(1065, 151, 50),
(1066, 151, 65),
(1067, 151, 94),
(1068, 152, 22),
(1069, 152, 48),
(1070, 152, 49),
(1071, 152, 60),
(1072, 152, 65),
(1073, 152, 72),
(1074, 152, 75),
(1075, 153, 22),
(1076, 153, 30),
(1077, 153, 48),
(1078, 153, 49),
(1079, 153, 53),
(1080, 153, 60),
(1081, 153, 65),
(1082, 153, 72),
(1083, 153, 84),
(1084, 153, 92),
(1085, 153, 97),
(1086, 153, 102),
(1087, 154, 22),
(1088, 154, 29),
(1089, 154, 48),
(1090, 154, 58),
(1091, 154, 60),
(1092, 154, 61),
(1093, 154, 65),
(1094, 154, 75),
(1095, 155, 36),
(1096, 155, 41),
(1097, 155, 60),
(1098, 155, 62),
(1099, 156, 2),
(1100, 156, 26),
(1101, 156, 29),
(1102, 156, 30),
(1103, 156, 50),
(1104, 156, 61),
(1105, 156, 65),
(1106, 156, 67),
(1107, 156, 71),
(1108, 156, 85),
(1109, 157, 36),
(1110, 157, 49),
(1111, 158, 23),
(1112, 158, 28),
(1113, 158, 30),
(1114, 158, 48),
(1115, 158, 50),
(1116, 158, 60),
(1117, 158, 65),
(1118, 158, 72),
(1119, 158, 85),
(1120, 159, 2),
(1121, 159, 34),
(1122, 159, 48),
(1123, 159, 60),
(1124, 159, 65),
(1125, 159, 72),
(1126, 161, 24),
(1127, 161, 29),
(1128, 161, 30),
(1129, 161, 49),
(1130, 161, 65),
(1131, 161, 75),
(1132, 161, 85),
(1133, 161, 86),
(1134, 161, 87),
(1135, 161, 92),
(1136, 161, 94),
(1137, 161, 132),
(1138, 162, 2),
(1139, 162, 24),
(1140, 162, 25),
(1141, 162, 30),
(1142, 162, 48),
(1143, 162, 53),
(1144, 162, 60),
(1145, 162, 65),
(1146, 162, 72),
(1147, 162, 85),
(1148, 162, 99),
(1149, 162, 128),
(1150, 163, 25),
(1151, 163, 48),
(1152, 163, 60),
(1153, 163, 65),
(1154, 163, 72),
(1155, 163, 85),
(1156, 164, 2),
(1157, 164, 15),
(1158, 164, 34),
(1159, 164, 48),
(1160, 164, 49),
(1161, 164, 51),
(1162, 164, 61),
(1163, 164, 87),
(1164, 165, 1),
(1165, 165, 22),
(1166, 165, 30),
(1167, 165, 48),
(1168, 165, 53),
(1169, 165, 56),
(1170, 165, 60),
(1171, 165, 65),
(1172, 165, 66),
(1173, 165, 94),
(1174, 166, 2),
(1175, 166, 30),
(1176, 166, 49),
(1177, 166, 60),
(1178, 166, 72),
(1179, 166, 85),
(1180, 167, 48),
(1181, 167, 60),
(1182, 167, 65),
(1183, 167, 72),
(1184, 168, 1),
(1185, 168, 34),
(1186, 168, 60),
(1187, 168, 65),
(1188, 168, 65),
(1189, 168, 66),
(1190, 169, 2),
(1191, 169, 29),
(1192, 169, 34),
(1193, 169, 49),
(1194, 169, 60),
(1195, 169, 66),
(1196, 170, 2),
(1197, 170, 29),
(1198, 170, 34),
(1199, 170, 48),
(1200, 170, 60),
(1201, 170, 92),
(1202, 171, 24),
(1203, 171, 25),
(1204, 171, 41),
(1205, 171, 48),
(1206, 171, 60),
(1207, 171, 65),
(1208, 172, 29),
(1209, 172, 34),
(1210, 172, 39),
(1211, 172, 46),
(1212, 172, 48),
(1213, 172, 53),
(1214, 172, 60),
(1215, 172, 85),
(1216, 172, 94),
(1217, 172, 100),
(1218, 173, 29),
(1219, 173, 30),
(1220, 173, 46),
(1221, 173, 60),
(1222, 173, 65),
(1223, 174, 36),
(1224, 174, 48),
(1225, 174, 48),
(1226, 174, 66),
(1227, 174, 85),
(1228, 174, 87),
(1229, 175, 29),
(1230, 175, 48),
(1231, 175, 53),
(1232, 175, 54),
(1233, 175, 75),
(1234, 176, 48),
(1235, 176, 51),
(1236, 176, 60),
(1237, 176, 65),
(1238, 177, 22),
(1239, 177, 29),
(1240, 177, 48),
(1241, 177, 60),
(1242, 177, 61),
(1243, 177, 65),
(1244, 177, 75),
(1245, 178, 25),
(1246, 178, 60),
(1247, 178, 65),
(1248, 178, 85),
(1249, 179, 29),
(1250, 179, 48),
(1251, 179, 56),
(1252, 179, 60),
(1253, 179, 65),
(1254, 180, 1),
(1255, 180, 16),
(1256, 180, 22),
(1257, 180, 30),
(1258, 180, 47),
(1259, 180, 48),
(1260, 180, 60),
(1261, 180, 65),
(1262, 180, 71),
(1263, 180, 85),
(1264, 180, 99),
(1265, 180, 103),
(1266, 180, 122),
(1267, 180, 129),
(1268, 181, 48),
(1269, 181, 49),
(1270, 181, 60),
(1271, 181, 65),
(1272, 181, 71),
(1273, 182, 48),
(1274, 182, 49),
(1275, 182, 60),
(1276, 182, 65),
(1277, 183, 22),
(1278, 183, 48),
(1279, 183, 60),
(1280, 183, 65),
(1281, 183, 85),
(1282, 184, 34),
(1283, 184, 60),
(1284, 184, 65),
(1285, 184, 72),
(1286, 185, 48),
(1287, 185, 48),
(1288, 185, 51),
(1289, 185, 60),
(1290, 185, 65),
(1291, 185, 66),
(1292, 185, 94),
(1293, 186, 60),
(1294, 186, 65),
(1295, 186, 71),
(1296, 187, 34),
(1297, 187, 48),
(1298, 187, 49),
(1299, 187, 60),
(1300, 187, 65),
(1301, 188, 14),
(1302, 188, 17),
(1303, 188, 18),
(1304, 188, 19),
(1305, 189, 20),
(1306, 189, 34),
(1307, 189, 34),
(1308, 189, 62),
(1309, 189, 65),
(1310, 189, 65),
(1311, 189, 66),
(1312, 189, 72),
(1313, 189, 87),
(1314, 190, 47),
(1315, 190, 49),
(1316, 190, 60),
(1317, 190, 62),
(1318, 191, 2),
(1319, 191, 33),
(1320, 191, 41),
(1321, 191, 51),
(1322, 192, 48),
(1323, 192, 49),
(1324, 192, 60),
(1325, 192, 65),
(1326, 192, 66),
(1327, 192, 72),
(1328, 192, 85),
(1329, 192, 94),
(1330, 193, 48),
(1331, 193, 60),
(1332, 193, 65),
(1333, 193, 71),
(1334, 193, 85),
(1335, 194, 48),
(1336, 194, 49),
(1337, 194, 60),
(1338, 194, 61),
(1339, 194, 65),
(1340, 194, 94),
(1341, 195, 2),
(1342, 195, 22),
(1343, 195, 29),
(1344, 195, 60),
(1345, 195, 65),
(1346, 196, 29),
(1347, 196, 48),
(1348, 196, 49),
(1349, 196, 59),
(1350, 196, 60),
(1351, 196, 65),
(1352, 197, 2),
(1353, 197, 29),
(1354, 197, 49),
(1355, 197, 51),
(1356, 197, 62),
(1357, 197, 65),
(1358, 197, 66),
(1359, 197, 92),
(1360, 197, 94),
(1361, 198, 29),
(1362, 198, 34),
(1363, 198, 60),
(1364, 198, 65),
(1365, 199, 28),
(1366, 199, 60),
(1367, 199, 60),
(1368, 199, 65),
(1369, 199, 66),
(1370, 199, 72),
(1371, 200, 48),
(1372, 200, 49),
(1373, 200, 51),
(1374, 200, 65),
(1375, 200, 66),
(1376, 200, 71),
(1377, 200, 94),
(1378, 201, 24),
(1379, 201, 29),
(1380, 201, 60),
(1381, 201, 65),
(1382, 201, 72),
(1383, 202, 30),
(1384, 202, 48),
(1385, 202, 49),
(1386, 202, 65),
(1387, 202, 66),
(1388, 203, 41),
(1389, 203, 51),
(1390, 203, 61),
(1391, 203, 62),
(1392, 204, 20),
(1393, 204, 34),
(1394, 204, 41),
(1395, 204, 60),
(1396, 205, 2),
(1397, 205, 30),
(1398, 205, 48),
(1399, 205, 49),
(1400, 205, 60),
(1401, 205, 61),
(1402, 205, 65),
(1403, 206, 30),
(1404, 206, 34),
(1405, 206, 34),
(1406, 206, 49),
(1407, 206, 60),
(1408, 206, 65),
(1409, 206, 71),
(1410, 206, 72),
(1411, 206, 85),
(1412, 207, 34),
(1413, 207, 47),
(1414, 207, 49),
(1415, 207, 51),
(1416, 207, 60),
(1417, 208, 41),
(1418, 208, 48),
(1419, 208, 49),
(1420, 208, 61),
(1421, 208, 65),
(1422, 209, 22),
(1423, 209, 23),
(1424, 209, 34),
(1425, 209, 41),
(1426, 209, 48),
(1427, 209, 61),
(1428, 209, 61),
(1429, 209, 85),
(1430, 209, 94),
(1431, 210, 1),
(1432, 210, 29),
(1433, 210, 48),
(1434, 210, 51),
(1435, 210, 60),
(1436, 210, 65),
(1437, 211, 48),
(1438, 211, 49),
(1439, 211, 60),
(1440, 211, 65),
(1441, 212, 41),
(1442, 212, 48),
(1443, 212, 60),
(1444, 213, 2),
(1445, 213, 24),
(1446, 213, 25),
(1447, 213, 48),
(1448, 213, 51),
(1449, 213, 60),
(1450, 213, 65),
(1451, 213, 66),
(1452, 213, 92),
(1453, 213, 94),
(1454, 214, 2),
(1455, 214, 34),
(1456, 214, 51),
(1457, 214, 65),
(1458, 214, 66),
(1459, 214, 85),
(1460, 214, 94),
(1461, 215, 20),
(1462, 215, 25),
(1463, 215, 29),
(1464, 215, 30),
(1465, 215, 48),
(1466, 215, 60),
(1467, 215, 65),
(1468, 215, 114),
(1469, 215, 136),
(1470, 216, 29),
(1471, 216, 34),
(1472, 216, 49),
(1473, 216, 51),
(1474, 217, 25),
(1475, 217, 29),
(1476, 217, 46),
(1477, 217, 48),
(1478, 217, 65),
(1479, 217, 66),
(1480, 217, 85),
(1481, 217, 94),
(1482, 218, 1),
(1483, 218, 34),
(1484, 218, 51),
(1485, 218, 60),
(1486, 218, 65),
(1487, 219, 1),
(1488, 219, 20),
(1489, 219, 29),
(1490, 219, 48),
(1491, 219, 60),
(1492, 219, 61),
(1493, 219, 96),
(1494, 219, 99),
(1495, 220, 34),
(1496, 220, 49),
(1497, 220, 51),
(1498, 220, 60),
(1499, 220, 65),
(1500, 221, 25),
(1501, 221, 29),
(1502, 221, 48),
(1503, 221, 48),
(1504, 221, 60),
(1505, 221, 65),
(1506, 222, 1),
(1507, 222, 34),
(1508, 222, 34),
(1509, 222, 48),
(1510, 222, 49),
(1511, 222, 60),
(1512, 223, 1),
(1513, 223, 29),
(1514, 223, 48),
(1515, 223, 65),
(1516, 223, 66),
(1517, 224, 30),
(1518, 224, 34),
(1519, 224, 39),
(1520, 224, 48),
(1521, 224, 60),
(1522, 224, 65),
(1523, 224, 72),
(1524, 225, 48),
(1525, 225, 51),
(1526, 225, 60),
(1527, 225, 65),
(1528, 226, 22),
(1529, 226, 29),
(1530, 226, 48),
(1531, 226, 49),
(1532, 226, 60),
(1533, 226, 65),
(1534, 227, 25),
(1535, 227, 29),
(1536, 227, 48),
(1537, 227, 49),
(1538, 227, 53),
(1539, 227, 60),
(1540, 227, 72),
(1541, 227, 85),
(1542, 228, 1),
(1543, 228, 29),
(1544, 228, 48),
(1545, 228, 49),
(1546, 228, 60),
(1547, 228, 61),
(1548, 228, 65),
(1549, 228, 66),
(1550, 228, 94),
(1551, 229, 1),
(1552, 229, 34),
(1553, 229, 34),
(1554, 229, 46),
(1555, 229, 48),
(1556, 229, 51),
(1557, 229, 60),
(1558, 229, 65),
(1559, 229, 65),
(1560, 229, 72),
(1561, 230, 2),
(1562, 230, 22),
(1563, 230, 25),
(1564, 230, 60),
(1565, 230, 66),
(1566, 230, 85),
(1567, 230, 92),
(1568, 230, 94),
(1569, 231, 2),
(1570, 231, 25),
(1571, 231, 29),
(1572, 231, 48),
(1573, 231, 61),
(1574, 231, 92),
(1575, 231, 94),
(1576, 232, 22),
(1577, 232, 30),
(1578, 232, 48),
(1579, 232, 60),
(1580, 232, 65),
(1581, 232, 66),
(1582, 232, 94),
(1583, 233, 48),
(1584, 233, 51),
(1585, 233, 61),
(1586, 233, 65),
(1587, 233, 72),
(1588, 234, 22),
(1589, 234, 24),
(1590, 234, 29),
(1591, 234, 30),
(1592, 234, 46),
(1593, 234, 48),
(1594, 234, 49),
(1595, 234, 51),
(1596, 234, 53),
(1597, 234, 54),
(1598, 234, 59),
(1599, 234, 60),
(1600, 234, 62),
(1601, 234, 65),
(1602, 234, 66),
(1603, 234, 72),
(1604, 234, 87),
(1605, 234, 94),
(1606, 234, 111),
(1607, 234, 126),
(1608, 234, 127),
(1609, 234, 128),
(1610, 234, 137),
(1611, 235, 49),
(1612, 235, 60),
(1613, 235, 65),
(1614, 235, 72),
(1615, 236, 1),
(1616, 236, 30),
(1617, 236, 49),
(1618, 236, 51),
(1619, 236, 60),
(1620, 236, 85),
(1621, 236, 96),
(1622, 237, 1),
(1623, 237, 20),
(1624, 237, 28),
(1625, 237, 60),
(1626, 237, 62),
(1627, 237, 65),
(1628, 237, 72),
(1629, 237, 85),
(1630, 237, 96),
(1631, 238, 2),
(1632, 238, 22),
(1633, 238, 60),
(1634, 238, 65),
(1635, 238, 71),
(1636, 238, 72),
(1637, 239, 2),
(1638, 239, 25),
(1639, 239, 46),
(1640, 239, 66),
(1641, 239, 75),
(1642, 239, 92),
(1643, 239, 94),
(1644, 240, 2),
(1645, 240, 20),
(1646, 240, 22),
(1647, 240, 60),
(1648, 240, 61),
(1649, 240, 66),
(1650, 241, 25),
(1651, 241, 60),
(1652, 241, 65),
(1653, 241, 72),
(1654, 241, 85),
(1655, 241, 87),
(1656, 242, 1),
(1657, 242, 2),
(1658, 242, 29),
(1659, 242, 48),
(1660, 242, 54),
(1661, 242, 60),
(1662, 242, 65),
(1663, 242, 72),
(1664, 242, 75),
(1665, 242, 92),
(1666, 243, 25),
(1667, 243, 60),
(1668, 243, 65),
(1669, 243, 66),
(1670, 243, 72),
(1671, 243, 75),
(1672, 243, 85),
(1673, 243, 94),
(1674, 244, 1),
(1675, 244, 22),
(1676, 244, 23),
(1677, 244, 30),
(1678, 244, 60),
(1679, 244, 66),
(1680, 244, 85),
(1681, 244, 94),
(1682, 245, 2),
(1683, 245, 24),
(1684, 245, 30),
(1685, 245, 35),
(1686, 245, 48),
(1687, 245, 60),
(1688, 245, 65),
(1689, 245, 66),
(1690, 245, 71),
(1691, 245, 72),
(1692, 245, 75),
(1693, 245, 92),
(1694, 245, 94),
(1695, 245, 110),
(1696, 245, 114),
(1697, 245, 115),
(1698, 245, 123),
(1699, 245, 124),
(1700, 245, 136),
(1701, 246, 20),
(1702, 246, 39),
(1703, 246, 60),
(1704, 246, 65),
(1705, 246, 72),
(1706, 246, 75),
(1707, 246, 85),
(1708, 247, 41),
(1709, 247, 46),
(1710, 248, 29),
(1711, 248, 30),
(1712, 248, 60),
(1713, 248, 65),
(1714, 248, 66),
(1715, 249, 2),
(1716, 249, 30),
(1717, 249, 34),
(1718, 249, 48),
(1719, 249, 53),
(1720, 249, 60),
(1721, 249, 65),
(1722, 249, 66),
(1723, 250, 22),
(1724, 250, 25),
(1725, 250, 29),
(1726, 250, 48),
(1727, 250, 54),
(1728, 250, 60),
(1729, 250, 61),
(1730, 250, 65),
(1731, 250, 72),
(1732, 250, 75),
(1733, 250, 85),
(1734, 250, 94),
(1735, 251, 22),
(1736, 251, 34),
(1737, 251, 49),
(1738, 251, 56),
(1739, 251, 60),
(1740, 251, 61),
(1741, 251, 65),
(1742, 251, 72),
(1743, 251, 94),
(1744, 252, 34),
(1745, 252, 60),
(1746, 252, 65),
(1747, 253, 22),
(1748, 253, 29),
(1749, 253, 30),
(1750, 253, 48),
(1751, 253, 60),
(1752, 253, 65),
(1753, 253, 66),
(1754, 253, 94),
(1755, 254, 34),
(1756, 254, 49),
(1757, 254, 65),
(1758, 254, 66),
(1759, 254, 72),
(1760, 254, 94),
(1761, 255, 2),
(1762, 255, 29),
(1763, 255, 30),
(1764, 255, 48),
(1765, 255, 60),
(1766, 255, 65),
(1767, 255, 72),
(1768, 255, 85),
(1769, 256, 25),
(1770, 256, 41),
(1771, 256, 46),
(1772, 256, 49),
(1773, 256, 61),
(1774, 256, 65),
(1775, 256, 66),
(1776, 258, 1),
(1777, 258, 20),
(1778, 258, 29),
(1779, 258, 48),
(1780, 258, 49),
(1781, 258, 60),
(1782, 258, 65),
(1783, 258, 85),
(1784, 259, 1),
(1785, 259, 2),
(1786, 259, 20),
(1787, 259, 25),
(1788, 259, 29),
(1789, 259, 34),
(1790, 259, 60),
(1791, 259, 96),
(1792, 260, 29),
(1793, 260, 34),
(1794, 260, 46),
(1795, 260, 48),
(1796, 260, 49),
(1797, 260, 61),
(1798, 260, 65);

-- --------------------------------------------------------

--
-- Estructura de tabla para la tabla `tecnologicos`
--

CREATE TABLE `tecnologicos` (
  `idTecnologico` int(11) NOT NULL,
  `idEstado` int(11) NOT NULL,
  `tipo` char(1) NOT NULL,
  `Tecnologico` varchar(125) NOT NULL,
  `Director` varchar(60) NOT NULL,
  `JefeVinculacion` varchar(60) NOT NULL,
  `url` varchar(120) NOT NULL,
  `escudo` varchar(60) NOT NULL
) ENGINE=InnoDB DEFAULT CHARSET=latin1;

--
-- Volcado de datos para la tabla `tecnologicos`
--

INSERT INTO `tecnologicos` (`idTecnologico`, `idEstado`, `tipo`, `Tecnologico`, `Director`, `JefeVinculacion`, `url`, `escudo`) VALUES
(1, 1, 'F', 'INSTITUTO TECNOLOGICO DE AGUASCALIENTES', 'JESUS MARIO FLORES VERDUZCO', 'SIN INFORMACION', 'SIN INFORMACION', 'x'),
(2, 1, 'F', 'INSTITUTO TECNOLOGICO DE EL LLANO AGUASCALIENTES', 'ING. JOSE PEDRO FUENTES GONZALEZ', 'SIN INFORMACION', 'SIN INFORMACION', 'x'),
(3, 1, 'F', 'INSTITUTO TECNOLOGICO DE PABELLON DE ARTEAGA', 'M.A.T.I. HUMBERTO AMBRIZ DELGADILLO', 'SIN INFORMACION', 'SIN INFORMACION', 'x'),
(4, 2, 'F', 'INSTITUTO TECNOLOGICO DE ENSENADA', 'MARCELINO BAUZA ROSETE', 'SIN INFORMACION', 'SIN INFORMACION', 'x'),
(5, 2, 'F', 'INSTITUTO TECNOLOGICO DE MEXICALI', 'FRANCISCO JAVIER ORTIZ SERRANO', 'SIN INFORMACION', 'SIN INFORMACION', 'x'),
(6, 2, 'F', 'INSTITUTO TECNOLOGICO DE TIJUANA', 'PEDRO LUIS MUÑOZ LOPEZ', 'SIN INFORMACION', 'SIN INFORMACION', 'x'),
(7, 3, 'F', 'INSTITUTO TECNOLOGICO DE LA PAZ', 'JESUS DAVID ESTRADA RUIZ', 'SIN INFORMACION', 'SIN INFORMACION', 'x'),
(8, 4, 'F', 'INSTITUTO TECNOLOGICO DE CAMPECHE', 'ALMA ROSA CENTURION YAH', 'SIN INFORMACION', 'SIN INFORMACION', 'x'),
(9, 4, 'F', 'INSTITUTO TECNOLOGICO DE CHINA', 'DR. MANUEL DE JESUS SORIA FREGOSO', 'SIN INFORMACION', 'SIN INFORMACION', 'x'),
(10, 4, 'F', 'INSTITUTO TECNOLOGICO DE LERMA', 'JAVIER GARCIA GONZALEZ', 'SIN INFORMACION', 'SIN INFORMACION', 'x'),
(11, 4, 'D', 'INSTITUTO TECNOLOGICO SUPERIOR DE CALKINI', 'EDILBERTO RAMON ROSADO MENDEZ', 'SIN INFORMACION', 'SIN INFORMACION', 'x'),
(12, 4, 'D', 'INSTITUTO TECNOLOGICO SUPERIOR DE CHAMPOTON', 'DANIEL MARTIN LEON CRUZ', 'SIN INFORMACION', 'SIN INFORMACION', 'x'),
(13, 4, 'D', 'INSTITUTO TECNOLOGICO SUPERIOR DE ESCARCEGA', 'DR. LUIS RAMON CARRILLO ORTEGON', 'SIN INFORMACION', 'SIN INFORMACION', 'x'),
(14, 5, 'D', 'INSTITUTO TECNOLOGICO DE ESTUDIOS SUPERIORES DE LA REGION CARBONIFERA', 'ALEJANDRO MERCED VALDES AGUIRRE', 'SIN INFORMACION', 'SIN INFORMACION', 'x'),
(15, 5, 'F', 'INSTITUTO TECNOLOGICO DE LA LAGUNA', 'MIGUEL ANGEL CISNEROS GUERRERO', 'SIN INFORMACION', 'SIN INFORMACION', 'x'),
(16, 5, 'F', 'INSTITUTO TECNOLOGICO DE PIEDRAS NEGRAS', 'OSWALDO PADILLA GOROSAVE', 'SIN INFORMACION', 'SIN INFORMACION', 'x'),
(17, 5, 'F', 'INSTITUTO TECNOLOGICO DE SALTILLO', 'ARNOLDO SOLIS COVARRUBIAS', 'SIN INFORMACION', 'SIN INFORMACION', 'x'),
(18, 5, 'D', 'INSTITUTO TECNOLOGICO SUPERIOR DE CD. ACUÑA', 'SAUL NOGUERON CONTRERAS', 'SIN INFORMACION', 'SIN INFORMACION', 'x'),
(19, 5, 'D', 'INSTITUTO TECNOLOGICO SUPERIOR DE MONCLOVA', 'C.P. RAUL SERGIO FARIAS MARTINEZ', 'SIN INFORMACION', 'SIN INFORMACION', 'x'),
(20, 5, 'D', 'INSTITUTO TECNOLOGICO SUPERIOR DE MUZQUIZ', 'OSCAR AGUILAR SALINAS', 'SIN INFORMACION', 'SIN INFORMACION', 'x'),
(21, 5, 'D', 'INSTITUTO TECNOLOGICO SUPERIOR DE SAN PEDRO DE LAS COLONIAS', 'JESUS JOAQUIN QUISTIAN CONTRERAS', 'SIN INFORMACION', 'SIN INFORMACION', 'x'),
(22, 5, 'F', 'INSTITUTO TECNOLOGICO DE TORREON', 'M.C JOSE LUIS ZAPATA DAVILA', 'SIN INFORMACION', 'SIN INFORMACION', 'x'),
(23, 6, 'F', 'INSTITUTO TECNOLOGICO DE COLIMA', 'ING. SATURNINO CASTRO REYES', 'SIN INFORMACION', 'SIN INFORMACION', 'x'),
(24, 7, 'F', 'INSTITUTO TECNOLOGICO DE COMITAN', 'LILIANA PATRICIA MORENO CANCINO', 'SIN INFORMACION', 'SIN INFORMACION', 'x'),
(25, 7, 'F', 'INSTITUTO TECNOLOGICO DE FRONTERA COMALAPA', 'APOLINAR PEREZ LOPEZ', 'SIN INFORMACION', 'SIN INFORMACION', 'x'),
(26, 7, 'F', 'INSTITUTO TECNOLOGICO DE TAPACHULA', 'ROSA AIDE DOMINGUEZ OCHOA', 'SIN INFORMACION', 'SIN INFORMACION', 'x'),
(27, 7, 'F', 'INSTITUTO TECNOLOGICO DE TUXTLA GUTIERREZ', 'JOSE LUIS MENDEZ NAVARRO', 'SIN INFORMACION', 'SIN INFORMACION', 'x'),
(28, 8, 'F', 'INSTITUTO TECNOLOGICO DE CIUDAD JIMENEZ', 'DAVID NAVARRETE TAVARES', 'SIN INFORMACION', 'SIN INFORMACION', 'x'),
(29, 8, 'F', 'INSTITUTO TECNOLOGICO DE DELICIAS', 'HAYDE ARAUJO RIVERA', 'SIN INFORMACION', 'SIN INFORMACION', 'x'),
(30, 8, 'F', 'INSTITUTO TECNOLOGICO DE PARRAL', 'ALFREDO RIOS FERNANDEZ', 'SIN INFORMACION', 'SIN INFORMACION', 'x'),
(31, 9, 'F', 'INSTITUTO TECNOLOGICO DE ALVARO OBREGON', 'ELVIA LETICIA MARTINEZ SANCHEZ', 'SIN INFORMACION', 'SIN INFORMACION', 'x'),
(32, 9, 'F', 'INSTITUTO TECNOLOGICO DE GUSTAVO A. MADERO II', 'DR. ENRIQUE JAVIER MARTINEZ DELGADO', 'SIN INFORMACION', 'SIN INFORMACION', 'x'),
(33, 9, 'F', 'INSTITUTO TECNOLOGICO DE IZTAPALAPA', 'MIGUEL ANGEL AKE MADERA', 'SIN INFORMACION', 'SIN INFORMACION', 'x'),
(34, 9, 'F', 'INSTITUTO TECNOLOGICO DE IZTAPALAPA II', 'HUGO ERNESTO CUELLAR CARREON', 'SIN INFORMACION', 'SIN INFORMACION', 'x'),
(35, 9, 'F', 'INSTITUTO TECNOLOGICO DE IZTAPALAPA III', 'MARCO ANTONIO MERAZ MELO', 'SIN INFORMACION', 'SIN INFORMACION', 'x'),
(36, 9, 'F', 'INSTITUTO TECNOLOGICO DE MILPA ALTA', 'DOMINGO NOE MARRON RAMOS', 'SIN INFORMACION', 'SIN INFORMACION', 'x'),
(37, 9, 'F', 'INSTITUTO TECNOLOGICO DE MILPA ALTA II', 'SALVADOR HERRERA TOLEDANO', 'SIN INFORMACION', 'SIN INFORMACION', 'x'),
(38, 9, 'F', 'INSTITUTO TECNOLOGICO DE TLAHUAC', 'OSCAR CASTELLANOS HERNANDEZ', 'SIN INFORMACION', 'SIN INFORMACION', 'x'),
(39, 9, 'F', 'INSTITUTO TECNOLOGICO DE TLAHUAC II', 'MANUEL ANGEL URIBE VAZQUEZ', 'SIN INFORMACION', 'SIN INFORMACION', 'x'),
(40, 9, 'F', 'INSTITUTO TECNOLOGICO DE TLAHUAC III', 'SALVADOR JAIME MERLO MAGA?A', 'SIN INFORMACION', 'SIN INFORMACION', 'x'),
(41, 9, 'F', 'INSTITUTO TECNOLOGICO DE TLALPAN', 'DRA. ROCIO CASTRO GONZALEZ', 'SIN INFORMACION', 'http://www.ittlalpan.edu.mx/index.html', 'x'),
(42, 9, 'F', 'INSTITUTO TECNOLOGICO DE GUSTAVO A MADERO', 'GERARDO MARCHANT ORTIZ', 'SIN INFORMACION', 'SIN INFORMACION', 'x'),
(43, 10, 'F', 'INSTITUTO TECNOLOGICO DE DURANGO', 'JESUS ASTORGA PEREZ', 'SIN INFORMACION', 'http://www.itdurango.edu.mx/', 'x'),
(44, 10, 'F', 'INSTITUTO TECNOLOGICO DE EL SALTO', 'ISELA FLORES MONTENEGRO', 'SIN INFORMACION', 'http://www.itesrc.edu.mx/index.php', 'x'),
(45, 10, 'F', 'INSTITUTO TECNOLOGICO DE VALLE DEL GUADIANA', 'AGUSTIN CERVANTES GOMEZ', 'SIN INFORMACION', 'http://www.itvalledelguadiana.edu.mx/', 'x'),
(46, 11, 'F', 'INSTITUTO TECNOLOGICO DE CELAYA', 'GNACIO LOPEZ VALDOVINOS', 'SIN INFORMACION', 'SIN INFORMACION', 'x'),
(47, 11, 'F', 'INSTITUTO TECNOLOGICO DE LEON', 'CIRILO NARANJO CANTABRANA', 'SIN INFORMACION', 'SIN INFORMACION', 'x'),
(48, 11, 'F', 'INSTITUTO TECNOLOGICO DE ROQUE', 'TEODORO VILLALOBOS SALINAS', 'SIN INFORMACION', 'SIN INFORMACION', 'x'),
(49, 12, 'F', 'INSTITUTO TECNOLOGICO DE ACAPULCO', 'ELIOT JOFFRE VAZQUEZ', 'SIN INFORMACION', 'SIN INFORMACION', 'x'),
(50, 12, 'F', 'INSTITUTO TECNOLOGICO DE CHILPANCINGO', 'MARIA EUGENIA REYNOSO DUE?AS', 'SIN INFORMACION', 'SIN INFORMACION', 'x'),
(51, 12, 'F', 'INSTITUTO TECNOLOGICO DE CIUDAD ALTAMIRANO', 'MIGUEL ANGEL LEE RODRIGUEZ', 'SIN INFORMACION', 'SIN INFORMACION', 'x'),
(52, 12, 'F', 'INSTITUTO TECNOLOGICO DE COSTA GRANDE', 'ALFONSO MIGUEL CRUZ', 'SIN INFORMACION', 'SIN INFORMACION', 'x'),
(53, 12, 'F', 'INSTITUTO TECNOLOGICO DE IGUALA', 'ARELI BARCENAS NAVA', 'SIN INFORMACION', 'SIN INFORMACION', 'x'),
(54, 12, 'F', 'INSTITUTO TECNOLOGICO DE SAN MARCOS', 'GABRIEL HILARIO MONDRAGON RAMOS', 'SIN INFORMACION', 'SIN INFORMACION', 'x'),
(55, 13, 'F', 'INSTITUTO TECNOLOGICO DE ATITALAQUIA', 'CARLOS FERNANDEZ PEREZ', 'SIN INFORMACION', 'http://www.itao.edu.mx/', 'x'),
(56, 13, 'F', 'INSTITUTO TECNOLOGICO DE HUEJUTLA', 'HECTOR AGUILAR PONCE', 'SIN INFORMACION', 'SIN INFORMACION', 'x'),
(57, 13, 'F', 'INSTITUTO TECNOLOGICO DE PACHUCA', 'JAIME BARRERA RODRIGUEZ', 'SIN INFORMACION', 'SIN INFORMACION', 'x'),
(58, 14, 'F', 'INSTITUTO TECNOLOGICO DE CIUDAD GUZMAN', 'JOSE ROBERTO GUDI?O VENEGAS', 'SIN INFORMACION', 'SIN INFORMACION', 'x'),
(59, 14, 'F', 'INSTITUTO TECNOLOGICO DE OCOTLAN', 'JUAN GERARDO MU?OZ OROZCO', 'SIN INFORMACION', 'SIN INFORMACION', 'x'),
(60, 14, 'F', 'INSTITUTO TECNOLOGICO DE TLAJOMULCO', 'ESPERANZA AGUILLON ROBLES', 'SIN INFORMACION', 'SIN INFORMACION', 'x'),
(61, 15, 'F', 'INSTITUTO TECNOLOGICO DE TLALNEPANTLA', 'GUSTAVO FLORES FERNANDEZ', 'SIN INFORMACION', 'SIN INFORMACION', 'x'),
(62, 15, 'F', 'INSTITUTO TECNOLOGICO DE TOLUCA', 'MARIA ELENA ROJAS RAUDA', 'SIN INFORMACION', 'SIN INFORMACION', 'x'),
(63, 16, 'F', 'INSTITUTO TECNOLOGICO DE JIQUILPAN', 'J. JESUS ZALAPA ALEMAN', 'SIN INFORMACION', 'SIN INFORMACION', 'x'),
(64, 16, 'F', 'INSTITUTO TECNOLOGICO DE LA PIEDAD', 'JUAN MANUEL PADILLA HERNANDEZ', 'SIN INFORMACION', 'SIN INFORMACION', 'x'),
(65, 16, 'F', 'INSTITUTO TECNOLOGICO DE LAZARO CARDENAS', 'JOSE ANGEL ESQUIVEL TOVAR', 'SIN INFORMACION', 'SIN INFORMACION', 'x'),
(66, 16, 'F', 'INSTITUTO TECNOLOGICO DE MORELIA', 'PAULINO ALBERTO RIVAS MARTINEZ', 'SIN INFORMACION', 'SIN INFORMACION', 'x'),
(67, 16, 'F', 'INSTITUTO TECNOLOGICO DE ZITACUARO', 'OLGA ZARZA LARA', 'SIN INFORMACION', 'SIN INFORMACION', 'x'),
(68, 16, 'F', 'INSTITUTO TECNOLOGICO DE VALLE DE MORELIA', 'ARMANDO JESUS ZARAGOZA VILLAFAN ', 'SIN INFORMACION', 'SIN INFORMACION', 'x'),
(69, 17, 'F', 'INSTITUTO TECNOLOGICO DE CUAUTLA', 'ANA ALDAY CHAVEZ', 'SIN INFORMACION', 'SIN INFORMACION', 'x'),
(70, 17, 'F', 'INSTITUTO TECNOLOGICO DE ZACATEPEC', 'ROBERTO ORTIZ DELGADILLO', 'SIN INFORMACION', 'SIN INFORMACION', 'x'),
(71, 18, 'F', 'INSTITUTO TECNOLOGICO DE BAHIA DE BANDERAS', 'ANGELICA AGUILAR BELTRAN', 'SIN INFORMACION', 'SIN INFORMACION', 'x'),
(72, 18, 'F', 'INSTITUTO TECNOLOGICO DE NORTE DE NAYARIT', 'MIRZA YANETH NAVARRO TORRES', 'SIN INFORMACION', 'SIN INFORMACION', 'x'),
(73, 18, 'F', 'INSTITUTO TECNOLOGICO DE SUR DE NAYARIT', 'JOSE LUIS SUAREZ DEL REAL MARTINEZ', 'SIN INFORMACION', 'SIN INFORMACION', 'x'),
(74, 18, 'F', 'INSTITUTO TECNOLOGICO DE TEPIC', 'ALBINO RODRIGUEZ DIAZ', 'SIN INFORMACION', 'SIN INFORMACION', 'x'),
(75, 19, 'F', 'INSTITUTO TECNOLOGICO DE LINARES', 'FLORA ALICIA GONZALEZ JIMENEZ', 'SIN INFORMACION', 'SIN INFORMACION', 'x'),
(76, 19, 'F', 'INSTITUTO TECNOLOGICO DE NUEVO LEON', 'MARIO ALBERTO MARTINEZ HERNANDEZ', 'SIN INFORMACION', 'SIN INFORMACION', 'x'),
(77, 20, 'F', 'INSTITUTO TECNOLOGICO DE COMITANCILLO', 'SAULO GOMEZ TOLEDO', 'SIN INFORMACION', 'SIN INFORMACION', 'x'),
(78, 20, 'F', 'INSTITUTO TECNOLOGICO DE LA CUENCA DE PAPALOAPAN ', 'BRIGIDO CASTREJON SANCHEZ', 'SIN INFORMACION', 'http://www.itcuencapapaloapan.edu.mx/', 'x'),
(79, 20, 'F', 'INSTITUTO TECNOLOGICO DEL ISTMO', 'ING. JORGE MARQUEZ JUAREZ', 'SIN INFORMACION', 'http://itistmo.mx/', 'x'),
(80, 20, 'F', 'INSTITUTO TECNOLOGICO DE OAXACA', 'DR. JUAN CRUZ NIETO', 'SIN INFORMACION', 'SIN INFORMACION', 'x'),
(81, 20, 'F', 'INSTITUTO TECNOLOGICO DE PINOTEPA', 'PORFIRIO ROBERTO NAJERA MEDINA', 'SIN INFORMACION', 'http://www.itp.edu.mx/', 'x'),
(82, 20, 'F', 'INSTITUTO TECNOLOGICO DE LA REGION MIXE', 'FERNANDO TOLEDO TOLEDO', 'SIN INFORMACION', 'SIN INFORMACION', 'x'),
(83, 20, 'F', 'INSTITUTO TECNOLOGICO DE SALINA CRUZ', 'MACARIO QUIROZ CORTES', 'SIN INFORMACION', 'SIN INFORMACION', 'x'),
(84, 20, 'F', 'INSTITUTO TECNOLOGICO DE SAN PEDRO POCHUTLA', 'EMO JACINTO MENDOZA', 'SIN INFORMACION', 'SIN INFORMACION', 'x'),
(85, 20, 'F', 'INSTITUTO TECNOLOGICO DE TUXTEPEC', 'SERGIO FERNANDO GARIBAY ARMENTA', 'SIN INFORMACION', 'SIN INFORMACION', 'x'),
(86, 20, 'F', 'INSTITUTO TECNOLOGICO DE VALLE DE OAXACA', 'OSCAR ANTONIO SILVA SANCHEZ', 'SIN INFORMACION', 'SIN INFORMACION', 'x'),
(87, 21, 'F', 'INSTITUTO TECNOLOGICO DE PUEBLA', 'FERNANDO CHAPA LARA', 'SIN INFORMACION', 'SIN INFORMACION', 'x'),
(88, 21, 'F', 'INSTITUTO TECNOLOGICO DE TECOMATLAN', 'RODOLFO DE LA CRUZ MELENDEZ', 'SIN INFORMACION', 'http://www.itapuebla.edu.mx/', 'x'),
(89, 22, 'F', 'INSTITUTO TECNOLOGICO DE QUERETARO', 'JOSE LOPEZ MU?OZ', 'SIN INFORMACION', 'SIN INFORMACION', 'x'),
(90, 22, 'F', 'INSTITUTO TECNOLOGICO DE SAN JUAN DEL RIO', 'DR. JOSE LUIS GIL VAZQUEZ,', 'SIN INFORMACION', 'SIN INFORMACION', 'x'),
(91, 23, 'F', 'INSTITUTO TECNOLOGICO DE CANCUN', 'SIN INFORMACION', 'SIN INFORMACION', 'SIN INFORMACION', 'x'),
(92, 23, 'F', 'INSTITUTO TECNOLOGICO DE CHETUMAL', 'MARIO VICENTE GONZALEZ ROBLES', 'SIN INFORMACION', 'SIN INFORMACION', 'x'),
(93, 23, 'F', 'INSTITUTO TECNOLOGICO DE LA ZONA MAYA', 'MC. ARTEMIO PEREZ MORALEZ', 'SIN INFORMACION', 'http://www.itzonamaya.edu.mx', 'x'),
(94, 24, 'F', 'INSTITUTO TECNOLOGICO DE CIUDAD VALLES', 'JOSE ISAIAS MARTINEZ CORONA', 'SIN INFORMACION', 'SIN INFORMACION', 'x'),
(95, 24, 'F', 'INSTITUTO TECNOLOGICO DE MATEHUALA', 'ROGELIO CHAVARRIA ELIZONDO', 'SIN INFORMACION', 'SIN INFORMACION', 'x'),
(96, 24, 'F', 'INSTITUTO TECNOLOGICO DE SAN LUIS POTOSI', 'LUIS MANUEL FERNIZA PEREZ', 'SIN INFORMACION', 'SIN INFORMACION', 'x'),
(97, 25, 'F', 'INSTITUTO TECNOLOGICO DE CULIACAN', 'JOSE GUILLERMO CARDENAS LOPEZ', 'SIN INFORMACION', 'SIN INFORMACION', 'x'),
(98, 25, 'F', 'INSTITUTO TECNOLOGICO DE MAZATLAN', 'SERGIO EFRAIN BELTRAN BELTRAN', 'SIN INFORMACION', 'SIN INFORMACION', 'x'),
(99, 25, 'F', 'INSTITUTO TECNOLOGICO DE SINALOA DE LEYVA', 'JORGE LUIS LOPEZ VARGAS', 'SIN INFORMACION', 'http://itsinaloadeleyva.com.mx/', 'x'),
(100, 26, 'F', 'INSTITUTO TECNOLOGICO DE GUAYMAS', 'BULMARO ANDRES PACHECO MORENO', 'SIN INFORMACION', 'SIN INFORMACION', 'x'),
(101, 26, 'F', 'INSTITUTO TECNOLOGICO DE NOGALES', 'JOSE ESCARCEGA CASTELLANOS', 'SIN INFORMACION', 'SIN INFORMACION', 'x'),
(102, 27, 'F', 'INSTITUTO TECNOLOGICO DE LA CHONTALPA', 'RAUL MARTINEZ RAMON', 'SIN INFORMACION', 'SIN INFORMACION', 'x'),
(103, 27, 'F', 'INSTITUTO TECNOLOGICO DE VILLAHERMOSA', 'HUMBERTO JOSE CERVERA BRITO', 'SIN INFORMACION', 'SIN INFORMACION', 'x'),
(104, 28, 'F', 'INSTITUTO TECNOLOGICO DE ALTAMIRA', 'GLORIA ALEJO VELAZQUEZ', 'SIN INFORMACION', 'SIN INFORMACION', 'x'),
(105, 28, 'F', 'INSTITUTO TECNOLOGICO DE CIUDAD MADERO', 'DRA. ANA MARIA MENDOZA MARTINEZ', 'SIN INFORMACION', 'http://www.itcm.edu.mx/', 'x'),
(106, 28, 'F', 'INSTITUTO TECNOLOGICO DE CIUDAD VICTORIA', 'FIDEL AGUILLON HERNANDEZ', 'SIN INFORMACION', 'http://www.itvictoria.edu.mx/', 'x'),
(107, 28, 'F', 'INSTITUTO TECNOLOGICO DE MATAMOROS', 'ANA ISABEL LERMA GONZALEZ', 'SIN INFORMACION', 'SIN INFORMACION', 'x'),
(108, 28, 'F', 'INSTITUTO TECNOLOGICO DE NUEVO LAREDO', 'JAVIER OCTAVIO NU?EZ RAMIREZ', 'SIN INFORMACION', 'SIN INFORMACION', 'x'),
(109, 28, 'F', 'INSTITUTO TECNOLOGICO DE REYNOSA', 'MARA GRASSIEL ACOSTA GONZALEZ', 'SIN INFORMACION', 'SIN INFORMACION', 'x'),
(110, 29, 'F', 'INSTITUTO TECNOLOGICO SUPERIOR DE TLAXCO', 'ANIBAL GEORGE HARO', 'SIN INFORMACION', 'SIN INFORMACION', 'x'),
(111, 29, 'F', 'INSTITUTO TECNOLOGICO DE APIZACO', 'FELIPE PASCUAL ROSARIO AGUIRRE', 'SIN INFORMACION', 'SIN INFORMACION', 'x'),
(112, 30, 'F', 'INSTITUTO TECNOLOGICO DE BOCA DEL RIO', 'JOSE MANUEL ROSADO PEREZ', 'SIN INFORMACION', 'SIN INFORMACION', 'x'),
(113, 30, 'F', 'INSTITUTO TECNOLOGICO DE CERRO AZUL', 'HERIBERTO HERRERA COLOCIA', 'SIN INFORMACION', 'SIN INFORMACION', 'x'),
(114, 30, 'F', 'INSTITUTO TECNOLOGICO DE MINATITLAN', 'JOSE CARLOS DIAZ GARCIA', 'SIN INFORMACION', 'SIN INFORMACION', 'x'),
(115, 30, 'F', 'INSTITUTO TECNOLOGICO DE ORIZABA', 'ROGELIO GARCIA CAMACHO', 'SIN INFORMACION', 'SIN INFORMACION', 'x'),
(116, 30, 'F', 'INSTITUTO TECNOLOGICO DE URSULO GALVAN', 'MARCO ANTONIO DIAZ RAMOS', 'SIN INFORMACION', 'SIN INFORMACION', 'x'),
(117, 30, 'F', 'INSTITUTO TECNOLOGICO DE VERACRUZ', 'DAVID REYNIER VALDES', 'SIN INFORMACION', 'SIN INFORMACION', 'x'),
(118, 31, 'F', 'INSTITUTO TECNOLOGICO DE CONKAL', 'PEDRO ALBERTO HARO RAMIREZ', 'SIN INFORMACION', 'SIN INFORMACION', 'x'),
(119, 31, 'F', 'INSTITUTO TECNOLOGICO DE MERIDA', 'MIRNA ALEJANDRA MANZANILLA ROMERO', 'SIN INFORMACION', 'SIN INFORMACION', 'x'),
(120, 31, 'F', 'INSTITUTO TECNOLOGICO DE TIZIMIN', 'CARLOS DURAN PEREZ', 'SIN INFORMACION', 'SIN INFORMACION', 'x'),
(121, 32, 'F', 'INSTITUTO TECNOLOGICO DE ZACATECAS', 'RITO MARTIN HERRERA FLORES', 'SIN INFORMACION', 'SIN INFORMACION', 'x'),
(125, 8, 'F', 'INSTITUTO TECNOLOGICO DE CHIHUAHUA', 'DR. JOSE RIVERA MEJIA', 'SIN INFORMACION', 'http://www.itchihuahua.edu.mx/', 'x'),
(126, 8, 'F', 'INSTITUTO TECNOLOGICO DE CHIHUAHUA II', 'LIC. GABRIEL SALAZAR HERNANDEZ ', 'SIN INFORMACION', 'http://www.itchihuahuaii.edu.mx/', 'x'),
(127, 8, 'F', 'INSTITUTO TECNOLOGICO DE CIUDAD CUAUHTEMOC', 'M.C. ELIZABETH SIQUEIROS LOERA', 'SIN INFORMACION', 'http://www.itcdcuauhtemoc.edu.mx/', 'x'),
(128, 8, 'F', 'INSTITUTO TECNOLOGICO DE CIUDAD JUAREZ', 'ING. JUAN ARMANDO HURTADO CORRAL', 'SIN INFORMACION', 'http://www.itcj.edu.mx/', 'x'),
(129, 30, 'D', 'INSTITUTO TECNOLOGICO SUPERIOR DE LAS CHOAPAS', 'MTRO. MARCO ANTONIO NAVA  ARG?ELLES      ', 'SIN INFORMACION', 'http://www.itschoapas.edu.mx/', 'x'),
(130, 30, 'D', 'INSTITUTO TECNOLOGICO SUPERIOR DE JESUS CARRANZA', ' ING. LUIS ALFREDO PACHECO PERALTA', 'SIN INFORMACION', 'http://www.itsjc.edu.mx/principal/', 'x'),
(131, 30, 'D', 'INSTITUTO TECNOLOGICO SUPERIOR DE ACAYUCAN', 'LIC. LUIS ALBERTO ESCAMILLA ORTIZ', 'SIN INFORMACION', 'http://www.itsacayucan.edu.mx/', 'x'),
(132, 30, 'D', 'INSTITUTO TECNOLOGICO SUPERIOR DE COATZACOALCOS', 'C.P MARIA INES NU?EZ MONREAL', 'SIN INFORMACION', 'https://www.itesco.edu.mx/', 'x'),
(133, 30, 'D', 'INSTITUTO TECNOLOGICO SUPERIOR DE COSAMALOAPAN', 'SIN INFORMACION', 'SIN INFORMACION', 'http://www.itsco.edu.mx/', 'x'),
(134, 30, 'D', 'INSTITUTO TECNOLOGICO SUPERIOR DE TIERRA BLANCA', 'ING. IHARA IRAN ALVAREZ LOPEZ', 'SIN INFORMACION', 'http://www.itstb.edu.mx/web/', 'x'),
(135, 30, 'D', 'INSTITUTO TECNOLOGICO SUPERIOR DE ZONGOLICA', 'DR. RAMIRO SANCHEZ URANGA', 'SIN INFORMACION', 'http://itszongolica.edu.mx/', 'x'),
(136, 30, 'D', 'INSTITUTO TECNOLOGICO SUPERIOR DE ALVARADO', 'DRA. JUSTINIANA GUTIERREZ LAGUNES', 'SIN INFORMACION', 'http://www.itsav.edu.mx/', 'x'),
(137, 30, 'D', 'INSTITUTO TECNOLOGICO SUPERIOR DE HUATUSCO', 'ING. DAVID GERARDO VELASCO GONZALEZ', 'SIN INFORMACION', 'http://www.itshuatusco.edu.mx/inicio/', 'x'),
(138, 30, 'D', 'INSTITUTO TECNOLOGICO SUPERIOR DE XALAPA', 'LIC. JUAN ENRIQUE RAMOS RIOS', 'SIN INFORMACION', 'https://www.itsx.edu.mx', 'x'),
(139, 30, 'D', 'INSTITUTO TECNOLOGICO SUPERIOR DE PEROTE', 'M.C ALFREDO GONZALES GUTIERREZ ', 'SIN INFORMACION', 'http://www.itsperote.edu.mx/index/', 'x'),
(140, 30, 'D', 'INSTITUTO TECNOLOGICO SUPERIOR DE MISANTLA', 'ING. JOSE ALBERTO GAYTAN ', 'SIN INFORMACION', 'http://www.itsm.edu.mx/', 'x'),
(141, 30, 'D', 'INSTITUTO TECNOLOGICO SUPERIOR DE MARTINEZ DE LA TORRE', 'M.A. OCTAVIO CARBALLO ORELLAN ', 'SIN INFORMACION', 'http://www.tecmartinez.edu.mx/', 'x'),
(142, 30, 'D', 'INSTITUTO TECNOLOGICO SUPERIOR DE POZA RICA', 'SIN INFORMACION', 'SIN INFORMACION', 'http://www.itspozarica.edu.mx/', 'x'),
(143, 30, 'D', 'INSTITUTO TECNOLOGICO SUPERIOR DE TEMAPACHE', 'ING. LUIS GUILERMO MARTINEZ SARMINETO', 'SIN INFORMACION', 'SIN INFORMACION', 'x'),
(144, 30, 'D', 'INSTITUTO TECNOLOGICO SUPERIOR DE CHICONTEPEC', 'SIN INFORMACION', 'SIN INFORMACION', 'SIN INFORMACION', 'x'),
(145, 30, 'D', 'INSTITUTO TECNOLOGICO SUPERIOR DE TANTOYUCA', 'SIN INFORMACION', 'SIN INFORMACION', 'SIN INFORMACION', 'x'),
(147, 30, 'D', 'INSTITUTO TECNOLOGICO SUPERIOR DE PANUCO', 'SIN INFORMACION', 'SIN INFORMACION', 'SIN INFORMACION', 'x'),
(148, 30, 'D', 'INSTITUTO TECNOLOGICO SUPERIOR DE NARANAJOS', 'LIC. ALEJANDRO TORRUCO VELA', 'SIN INFORMACION', 'SIN INFORMACION', 'x'),
(149, 27, 'D', 'INSTITUTO TECNOLOGICO SUPERIOR DE LOS RIOS', 'M.C JORGE ALBERTO LEZAMA SUARES ', 'SIN INFORMACION', 'http://www.itsr.edu.mx/', 'x'),
(150, 27, 'D', 'INSTITUTO TECNOLOGICO SUPERIOR DE MACUSPANA', 'L.C.P LORENZO CHACON PEREZ ', 'SIN INFORMACION', 'http://www.itsmacuspana.edu.mx/', 'x'),
(151, 27, 'D', 'INSTITUTO TECNOLOGICO SUPERIOR LA REGION SIERRA', 'SIN INFORMACION', 'SIN INFORMACION', 'SIN INFORMACION', 'x'),
(152, 27, 'D', 'INSTITUTO TECNOLOGICO SUPERIOR  VILLA LA VENTA HUIMANGUILLO', 'ING. PEDRO CANEPA', 'SIN INFORMACION', 'http://itslv.edu.mx/', 'x'),
(153, 27, 'D', 'INSTITUTO TECNOLOGICO SUPERIOR COMALCACO', 'ING. JUAN JOSE MARTINEZ PEREZ', 'SIN INFORMACION', 'http://www.itsc.edu.mx/', 'x'),
(154, 27, 'D', 'INSTITUTO TECNOLOGICO SUPERIOR CENTLA', 'LIC. RAMON ANTONIO RODRIGUEZ LAYNES', 'SIN INFORMACION', 'SIN INFORMACION', 'x'),
(155, 27, 'D', 'INSTITUTO TECNOLOGICO DE LA ZONA OLMECA', 'M.C JOSE JAVIER PERALTA COSGAYA', 'SIN INFORMACION', 'http://www.itzonaolmeca.edu.mx/', 'x'),
(156, 26, 'D', 'INSTITUTO TECNOLOGICO AGUA PRIETA', 'SIN INFORMACION', 'SIN INFORMACION', 'http://www.itap.edu.mx/', 'x'),
(157, 29, 'D', 'INSTITUTO TECNOLOGICO DEL ALTIPLANO DE TLAXCALA', 'SIN INFORMACION', 'SIN INFORMACION', 'http://www.ith.mx/', 'x'),
(158, 26, 'D', 'INSTITUTO TECNOLOGICO DE HERMOSILLO', 'MCE. ADOLFO RIVERA CASTILLO', 'SIN INFORMACION', 'SIN INFORMACION', 'x'),
(159, 26, 'D', 'INSTITUTO TECNOLOGICO DE HUATABAMBO', 'SIN INFORMACION', 'SIN INFORMACION', 'SIN INFORMACION', 'x'),
(161, 25, 'D', 'INSTITUTO TECNOLOGICO DE LOS MOCHIS', 'ING. MANUEL DE JESUS LOPEZ PEREZ', 'SIN INFORMACION', 'http://www.itmochis.edu.mx/', 'x'),
(162, 21, 'D', 'INSTITUTO TECNOLOGICO DE TEHUACAN', 'M.E. YEYETZIN SANDOVAL GONZALEZ    ', 'SIN INFORMACION', 'http://www.ittehuacan.edu.mx/', 'x'),
(163, 20, 'D', 'INSTITUTO TECNOLOGICO DE TLAXIACO', 'SIN INFORMACION', 'SIN INFORMACION', 'http://www.ittlaxiaco.edu.mx/', 'x'),
(164, 26, 'D', 'INSTITUTO TECNOLOGICO DEL VALLE DEL YAQUI', 'DR. RAFAEL GARCIA MARTINEZ', 'SIN INFORMACION', 'http://www.itvalledelyaqui.edu.mx/', 'x'),
(165, 32, 'D', 'INSTITUTO TECNOLOGICO SUPERIOR DE FRESNILLO', 'SIN INFORMACION', 'SIN INFORMACION', 'http://www.itsf.edu.mx/', 'x'),
(166, 32, 'D', 'INSTITUTO TECNOLOGICO SUPERIOR DE JEREZ', 'SIN INFORMACION', 'SIN INFORMACION', 'http://www.tecjerez.edu.mx/site/', 'x'),
(167, 32, 'D', 'INSTITUTO TECNOLOGICO SUPERIOR DE LORETO ', 'SIN INFORMACION', 'SIN INFORMACION', 'http://itsloreto.edu.mx/principal/', 'x'),
(168, 32, 'D', 'INSTITUTO TECNOLOGICO SUPERIOR DE NOCHISTLAN', 'PROF. JULIO CESAR FLEMATE RAMIREZ', 'SIN INFORMACION', 'http://itsn.edu.mx/s-02/itsn.edu.mx/', 'x'),
(169, 32, 'D', 'INSTITUTO TECNOLOGICO SUPERIOR DE ZACATECAS NORTE', 'SIN INFORMACION', 'SIN INFORMACION', 'http://www.itszn.edu.mx', 'x'),
(170, 32, 'D', 'INSTITUTO TECNOLOGICO SUPERIOR DE ZACATECAS SUR', 'L.A. MIGUEL ANGEL DIAZ ACU?A', 'SIN INFORMACION', 'http://www.itszas.edu.mx/', 'x'),
(171, 32, 'D', 'INSTITUTO TECNOLOGICO SUPERIOR DEL SUR DEL ESTADO DE YUCATAN', 'SIN INFORMACION', 'SIN INFORMACION', 'http://itsyucatan.edu.mx/', 'x'),
(172, 32, 'D', 'INSTITUTO TECNOLOGICO SUPERIOR DE PROGRESO', 'ING. LILA ROSA FRIAS CASTILLO', 'SIN INFORMACION', 'http://www.itsprogreso.edu.mx/', 'x'),
(173, 32, 'D', 'INSTITUTO TECNOLOGICO SUPERIOR DE  MOTUL', 'ING. FERNAN ENRIQUE CETINA ALONZO', 'SIN INFORMACION', 'http://www.itsmotul.edu.mx/', 'x'),
(174, 32, 'D', 'INSTITUTO TECNOLOGICO SUPERIOR DE TIZIMIN', 'LIC. CARLOS DURAN PEREZ', 'SIN INFORMACION', 'http://www.ittizimin.edu.mx/', 'x'),
(175, 28, 'D', 'INSTITUTO TECNOLOGICO SUPERIOR DE TLAXCO', 'SIN INFORMACION', 'SIN INFORMACION', 'SIN INFORMACION', 'x'),
(176, 28, 'D', 'INSTITUTO TECNOLOGICO SUPERIOR DE EL MANTE', 'SIN INFORMACION', 'SIN INFORMACION', 'http://www.itsmante.edu.mx/', 'x'),
(177, 27, 'D', 'INSTITUTO TECNOLOGICO SUPERIOR DE CENTLA', 'LIC. RAMON ANTONIO RODRIGUEZ LAYNES', 'SIN INFORMACION', 'http://www.itscentla.edu.mx/', 'x'),
(178, 26, 'D', 'INSTITUTO TECNOLOGICO SUPERIOR DE PUERTO PEÑASCO', 'L.E. MARIA JESUS REYES ORTIZ', 'SIN INFORMACION', 'http://itspp.edu.mx/', 'x'),
(179, 26, 'D', 'INSTITUTO TECNOLOGICO SUPERIOR DE CANANEA', 'SIN INFORMACION', 'SIN INFORMACION', 'http://www.teccan.edu.mx/', 'x'),
(180, 26, 'D', 'INSTITUTO TECNOLOGICO SUPERIOR DE CAJEME', 'LIC. GABRIEL BALDENEBRO PATRON', 'SIN INFORMACION', 'http://www.itesca.edu.mx/', 'x'),
(181, 25, 'D', 'INSTITUTO TECNOLOGICO SUPERIOR DE GUASAVE', 'ING. ANGEL RAFAEL QUEVEDO CAMACHO', 'SIN INFORMACION', 'http://www.itsguasave.edu.mx/', 'x'),
(182, 25, 'D', 'INSTITUTO TECNOLOGICO SUPERIOR DE EL DORADO', 'SIN INFORMACION', 'SIN INFORMACION', 'http://itseldorado.blogspot.mx/', 'x'),
(183, 24, 'D', 'INSTITUTO TECNOLOGICO SUPERIOR DE TAMAZUNCHALE', 'ING. RICARDO BARCENAS RIVAS', 'SIN INFORMACION', 'http://tectamazunchale.edu.mx/itstmz/', 'x'),
(184, 24, 'D', 'INSTITUTO TECNOLOGICO SUPERIOR DE SAN LUIS POTOSI CAPITAL', 'SANDRA SAUCEDO ESCALANTE', 'SIN INFORMACION', 'SIN INFORMACION', 'x'),
(185, 24, 'D', 'INSTITUTO TECNOLOGICO SUPERIOR DE RIOVERDE', 'SIN INFORMACION', 'SIN INFORMACION', 'http://www.itsrv.edu.mx/', 'x'),
(186, 24, 'D', 'INSTITUTO TECNOLOGICO SUPERIOR DE EBANO', 'SIN INFORMACION', 'SIN INFORMACION', 'http://www.tecdeebano.com/', 'x'),
(187, 23, 'D', 'INSTITUTO TECNOLOGICO SUPERIOR DE CARRILLO PUERTO ', 'M. EN A. WILLIAM HERNANDO BRICE?O GUZMAN', 'SIN INFORMACION', 'SIN INFORMACION', 'x'),
(188, 22, 'D', 'CENTRO INTERDISCIPLINARIO DE INVESTIGACION Y DOCENCIA EN EDUCACION TECNICA', 'DR. JUAN ARMANDO ZAPATERO CAMPOS', 'SIN INFORMACION', 'http://www.ciidet.edu.mx/ciidet/index.php', 'x'),
(189, 21, 'D', 'INSTITUTO TECNOLOGICO SUPERIOR DE ZACAPOAXTLA', 'M.A. ARMINDA JUAREZ ARROYO', 'SIN INFORMACION', 'http://www.itsz.edu.mx/', 'x'),
(190, 21, 'D', 'INSTITUTO TECNOLOGICO SUPERIOR DE VENUSTIANO CARRANZA', 'LUIS ALFREDO PACHECO PERALTA', 'SIN INFORMACION', 'http://www.itsvc.edu.mx/', 'x'),
(191, 21, 'D', 'INSTITUTO TECNOLOGICO SUPERIOR DE TLATLAUQUITEPEC', 'OCTAVIO BENAVIDES MANZANO', 'SIN INFORMACION', 'SIN INFORMACION', 'x'),
(192, 21, 'D', 'INSTITUTO TECNOLOGICO SUPERIOR DE TEZIUTLAN', 'GUSTAVO URBANO JUAREZ', 'SIN INFORMACION', 'http://www.itsteziutlan.edu.mx/index.php', 'x'),
(193, 21, 'D', 'INSTITUTO TECNOLOGICO SUPERIOR DE TEPEXI DE RODRIGUEZ', 'ISMAEL SANCHEZ HUERTA', 'SIN INFORMACION', 'SIN INFORMACION', 'x'),
(194, 21, 'D', 'INSTITUTO TECNOLOGICO SUPERIOR DE TEPEACA', 'JOSE LUIS CONTRERAS COETO', 'SIN INFORMACION', 'http://itstepeaca.edu.mx/', 'x'),
(195, 21, 'D', 'INSTITUTO TECNOLOGICO SUPERIOR DE SAN MARTIN TEXMELUCAN', 'GUILLERMO ANTONIO ALMAZAN SMITH', 'SIN INFORMACION', 'http://www.itssmt.edu.mx/', 'x'),
(196, 21, 'D', 'INSTITUTO TECNOLOGICO SUPERIOR DE LIBRES', 'JAIR NAHUM FIERRO BRETON', 'SIN INFORMACION', 'SIN INFORMACION', 'x'),
(197, 21, 'D', 'INSTITUTO TECNOLOGICO SUPERIOR DE LA SIERRA NORTE DE PUEBLA', 'RAUL ESPINOSA MARTINEZ', 'SIN INFORMACION', 'http://www.itssnp.edu.mx/v2/', 'x'),
(198, 21, 'D', 'INSTITUTO TECNOLOGICO SUPERIOR DE LA SIERRA NEGRA DE AJALPAN', 'FRANCISCO VALENCIA PONCE', 'SIN INFORMACION', 'SIN INFORMACION', 'x'),
(199, 21, 'D', 'INSTITUTO TECNOLOGICO SUPERIOR DE HUAUCHINANGO', 'OMAR MARTINEZ AMADOR', 'SIN INFORMACION', 'http://www.itsh.edu.mx/', 'x'),
(200, 21, 'D', 'INSTITUTO TECNOLOGICO SUPERIOR DE CIUDAD SERDAN', 'JOSE ANTONIO ZACAULA MARTINEZ', 'SIN INFORMACION', 'http://itsciudadserdan.edu.mx/', 'x'),
(201, 21, 'D', 'INSTITUTO TECNOLOGICO SUPERIOR DE ATLIXCO', 'JOSE GUILLERMO VELAZQUEZ GUTIERREZ', 'SIN INFORMACION', 'http://www.itsatlixco.edu.mx/tec/', 'x'),
(202, 21, 'D', 'INSTITUTO TECNOLOGICO SUPERIOR DE ACATLAN DE OSORIO', 'ELISEO RAMIREZ TORRES', 'SIN INFORMACION', 'SIN INFORMACION', 'x'),
(203, 20, 'D', 'INSTITUTO TECNOLOGICO SUPERIOR DE SAN MIGUEL EL GRANDE', 'JAIME CHAVEZ FLORES', 'SIN INFORMACION', 'http://www.itsmigra.edu.mx/', 'x'),
(204, 20, 'D', 'INSTITUTO TECNOLOGICO SUPERIOR DE TEPOSCOLULA', 'MIGUEL ANGEL MENDEZ ROSADO', 'SIN INFORMACION', 'http://itsteposcolula.edu.mx/', 'x'),
(205, 17, 'D', 'INSTITUTO TECNOLOGICO SUPERIOR DE ZAMORA', 'GUSTAVO ARIAS MENDOZA', 'SIN INFORMACION', 'SIN INFORMACION', 'x'),
(206, 17, 'D', 'INSTITUTO TECNOLOGICO SUPERIOR DE URUAPAN', 'LAURA GUILLEN LOERA', 'SIN INFORMACION', 'http://tecuruapan.edu.mx/', 'x'),
(207, 17, 'D', 'INSTITUTO TECNOLOGICO SUPERIOR DE TACAMBARO', 'ABEL SANCHEZ PADILLA', 'SIN INFORMACION', 'http://itstacambaro.edu.mx/', 'x'),
(208, 17, 'D', 'INSTITUTO TECNOLOGICO SUPERIOR DE PURUANDIRO', 'JORGE ZAMORA MAGA?A', 'SIN INFORMACION', 'SIN INFORMACION', 'x'),
(209, 17, 'D', 'INSTITUTO TECNOLOGICO SUPERIOR DE PATZCUARO', 'AGAPITO PEREZ DIAZ', 'SIN INFORMACION', 'http://www.itspa.edu.mx/', 'x'),
(210, 17, 'D', 'INSTITUTO TECNOLOGICO SUPERIOR DE LOS REYES', 'GUILLERMO ALEJANDRES MADRIGAL', 'SIN INFORMACION', 'http://www.itslr.edu.mx/2013/', 'x'),
(211, 17, 'D', 'INSTITUTO TECNOLOGICO SUPERIOR DE HUETAMO', 'ROMULO DUARTE DUARTE', 'SIN INFORMACION', 'http://www.itshuetamo.edu.mx/#popup', 'x'),
(212, 17, 'D', 'INSTITUTO TECNOLOGICO SUPERIOR DE COALCOMAN', 'JUAN GABRIEL LOEZA FLORES', 'SIN INFORMACION', 'http://www.itscoalcoman.edu.mx/', 'x'),
(213, 17, 'D', 'INSTITUTO TECNOLOGICO SUPERIOR DE APATZINGAN', 'FRANCISCO JAVIER PALAFOX COVARRUBIAS', 'SIN INFORMACION', 'https://www.itsa.edu.mx/', 'x'),
(214, 14, 'D', 'INSTITUTO TECNOLOGICO SUPERIOR DE ZAPOTLANEJO', 'OSVALDO CAMPOS ALMARAZ', 'SIN INFORMACION', 'http://www.itszapotlanejo.edu.mx/', 'x'),
(215, 14, 'D', 'INSTITUTO TECNOLOGICO SUPERIOR DE ZAPOPAN', 'RICARDO GOMEZ LEE', 'SIN INFORMACION', 'http://www.itszapopan.edu.mx/', 'x'),
(216, 14, 'D', 'INSTITUTO TECNOLOGICO SUPERIOR DE TAMAZULA DE GORDIANO', 'SAUL MUNGUIA ORTIZ', 'SIN INFORMACION', 'SIN INFORMACION', 'x'),
(217, 14, 'D', 'INSTITUTO TECNOLOGICO SUPERIOR DE TEQUILA', 'ERNESTO ROSALES CASTA?EDA', 'SIN INFORMACION', 'SIN INFORMACION', 'x'),
(218, 14, 'D', 'INSTITUTO TECNOLOGICO SUPERIOR DE TALA', 'ARMANDO PEREZ SANCHEZ', 'SIN INFORMACION', 'http://www.itstala.edu.mx/', 'x'),
(219, 14, 'D', 'INSTITUTO TECNOLOGICO SUPERIOR DE PUERTO VALLARTA', 'LUIS ROBERTO GONZALEZ GUTIERREZ', 'SIN INFORMACION', 'http://www.tecvallarta.edu.mx/', 'x'),
(220, 14, 'D', 'INSTITUTO TECNOLOGICO SUPERIOR DE MASCOTA', 'GILDARDO SANCHEZ GONZALEZ', 'SIN INFORMACION', 'http://www.itsmascota.edu.mx/', 'x'),
(221, 14, 'D', 'INSTITUTO TECNOLOGICO SUPERIOR DE LAGOS DE MORENO', 'MARCO ANTONIO GONZALEZ ORTIZ', 'SIN INFORMACION', 'http://www.teclagos.edu.mx/portal/sistema/index.php/inicio/menu', 'x'),
(222, 14, 'D', 'INSTITUTO TECNOLOGICO SUPERIOR DE LA HUERTA', 'ARMANDO NU?EZ RAMOS', 'SIN INFORMACION', 'http://www.itslahuerta.edu.mx/', 'x'),
(223, 14, 'D', 'INSTITUTO TECNOLOGICO SUPERIOR DE EL GRULLO', 'MILTON CARLOS CARDENAS OSORIO', 'SIN INFORMACION', 'http://itselgrullo.edu.mx/', 'x'),
(224, 14, 'D', 'INSTITUTO TECNOLOGICO SUPERIOR DE CHAPALA', 'GERARDO FABIAN PANTOJA RAMIREZ', 'SIN INFORMACION', 'SIN INFORMACION', 'x'),
(225, 14, 'D', 'INSTITUTO TECNOLOGICO SUPERIOR DE COCULA', 'ARMANDO NU?EZ RAMOS', 'SIN INFORMACION', 'http://www.itscocula.edu.mx/', 'x'),
(226, 14, 'D', 'INSTITUTO TECNOLOGICO SUPERIOR DE ARANDAS', 'ING. JUAN ANTONIO GONZALEZ ARECHIGA RAMIREZ WIELLA', 'SIN INFORMACION', 'http://www.tecarandas.edu.mx/', 'x'),
(227, 13, 'D', 'INSTITUTO TECNOLOGICO SUPERIOR DEL ORIENTE DEL ESTADO DE HIDALGO', 'MTRA. CONCEPCION GOMEZ JUAREZ', 'SIN INFORMACION', 'SIN INFORMACION', 'x'),
(228, 13, 'D', 'INSTITUTO TECNOLOGICO SUPERIOR DE OCCIDENTE DEL ESTADO DE HIDALGO', 'ALICIA ASUNCION GRANDE OLGUIN', 'SIN INFORMACION', 'http://itsoeh.edu.mx/front/', 'x'),
(229, 13, 'D', 'INSTITUTO TECNOLOGICO SUPERIOR DE HUICHAPAN', 'MARIA ANGELICA BRAVO CADENA', 'SIN INFORMACION', 'http://www.iteshu.edu.mx/', 'x'),
(230, 12, 'D', 'INSTITUTO TECNOLOGICO SUPERIOR DE LA MONTAÑA', 'DR. ORESTE HERMINIO CHAVEZ ROMAN', 'SIN INFORMACION', 'http://www.itsm-tlapa.edu.mx/sitiotec2/index.php', 'x'),
(231, 12, 'D', 'INSTITUTO TECNOLOGICO SUPERIOR DE LA COSTA CHICA', 'HORTENCIA MONTERO MAYREN', 'SIN INFORMACION', 'SIN INFORMACION', 'x'),
(232, 11, 'D', 'INSTITUTO TECNOLOGICO SUPERIOR DEL SUR DE GUANAJUATO', 'ANTONIO RAMIREZ VALLEJO', 'SIN INFORMACION', 'http://www.itsur.edu.mx/home.php', 'x'),
(233, 11, 'D', 'INSTITUTO TECNOLOGICO SUPERIOR DE SALVATIERRA', 'KARLA ALEJANDRINA LANUZA HERNANDEZ', 'SIN INFORMACION', 'http://www.itess.edu.mx/website/', 'x'),
(234, 11, 'D', 'INSTITUTO TECNOLOGICO SUPERIOR DE IRAPUATO', 'JOSE RICARDO NARVAEZ RAMIREZ', 'SIN INFORMACION', 'http://www.itesi.edu.mx/', 'x'),
(235, 11, 'D', 'INSTITUTO TECNOLOGICO SUPERIOR DE GUANAJUATO', 'ENRIQUE NAVARRO GONZALEZ', 'SIN INFORMACION', 'http://www.itesg.edu.mx/', 'x'),
(236, 15, 'D', 'INSTITUTO TECNOLOGICO SUPERIOR DE VILLA GUERRERO', 'ALFREDO CARDOSO CABALLERO', 'SIN INFORMACION', 'SIN INFORMACION', 'x'),
(237, 15, 'D', 'INSTITUTO TECNOLOGICO SUPERIOR DE VALLE DE BRAVO', 'ROBERTO LAURELES SOLANO', 'SIN INFORMACION', 'SIN INFORMACION', 'x'),
(238, 15, 'D', 'INSTITUTO TECNOLOGICO SUPERIOR DE TIANGUISTENCO', 'LAURA ISABEL HERNANDEZ PICHARDO', 'SIN INFORMACION', 'SIN INFORMACION', 'x'),
(239, 15, 'D', 'INSTITUTO TECNOLOGICO SUPERIOR DE SAN FELIPE DEL PROGRESO', 'ALFONSO CRUZ SERRANO', 'SIN INFORMACION', 'http://tessfp.edomex.gob.mx/', 'x'),
(240, 15, 'D', 'INSTITUTO TECNOLOGICO SUPERIOR DE ORIENTE DEL ESTADO DE MEXICO', 'CARLA LIBERTAD DOMINGUEZ DEL RIO', 'SIN INFORMACION', 'http://tesoem.edomex.gob.mx/', 'x'),
(241, 15, 'D', 'INSTITUTO TECNOLOGICO SUPERIOR DE HUIXQUILUCAN', 'ARTURO RIOS DIAZ', 'SIN INFORMACION', 'SIN INFORMACION', 'x'),
(242, 15, 'D', 'INSTITUTO TECNOLOGICO SUPERIOR DE JOCOTITLAN', 'JOSE LUIS GUILLERMO GONZALEZ RODRIGUEZ', 'SIN INFORMACION', 'http://tesjo.edomex.gob.mx/', 'x'),
(243, 15, 'D', 'INSTITUTO TECNOLOGICO SUPERIOR DE JILOTEPEC', 'ALFONSO ENRIQUE ENRIQUEZ CARBAJAL', 'SIN INFORMACION', 'SIN INFORMACION', 'x'),
(244, 15, 'D', 'INSTITUTO TECNOLOGICO SUPERIOR DE IXTAPALUCA', 'ALEJANDRA NORIEGA ORTEGA', 'SIN INFORMACION', 'http://tesi.org.mx/', 'x'),
(245, 15, 'D', 'INSTITUTO TECNOLOGICO SUPERIOR DE ECATEPEC', 'LIC. SERGIO MANCILLA GUZMAN', 'SIN INFORMACION', 'http://www.tese.edu.mx/ccyt_redirect/', 'x'),
(246, 15, 'D', 'INSTITUTO TECNOLOGICO SUPERIOR DE CHIMALHUACAN', 'M. EN C.E. JOSE ANGEL FERNANDEZ GARCIA', 'SIN INFORMACION', 'http://www.teschi.edu.mx/', 'x'),
(247, 15, 'D', 'INSTITUTO TECNOLOGICO SUPERIOR DE CHICOLOAPAN', 'SIN INFORMACION', 'SIN INFORMACION', 'SIN INFORMACION', 'x'),
(248, 15, 'D', 'INSTITUTO TECNOLOGICO SUPERIOR DE CHALCO', 'EDGAR DANIEL SANCHEZ BALDERAS', 'SIN INFORMACION', 'http://www.tesch.edu.mx/', 'x'),
(249, 15, 'D', 'INSTITUTO TECNOLOGICO SUPERIOR DE CUAUTITLAN IZCALLI', 'ARTURO GARCIA CRISTIA', 'SIN INFORMACION', 'http://www.tesci.edu.mx/', 'x'),
(250, 15, 'D', 'INSTITUTO TECNOLOGICO SUPERIOR DE COACALCO', 'JOSE LUCIO RAMIREZ ORNELAS', 'SIN INFORMACION', 'SIN INFORMACION', 'x'),
(251, 10, 'D', 'INSTITUTO TECNOLOGICO SUPERIOR DE SANTIAGO PAPASQUIARO', 'ANA LILIA LOMAS AGUIRRE', 'SIN INFORMACION', 'http://www.itsantiago.edu.mx/', 'x'),
(252, 10, 'D', 'INSTITUTO TECNOLOGICO SUPERIOR DE SANTA MARIA DE EL ORO', 'JAIME DANIEL GONZALEZ RESENDIZ', 'SIN INFORMACION', 'http://www.itssmo.edu.mx/', 'x'),
(253, 10, 'D', 'INSTITUTO TECNOLOGICO SUPERIOR DE LERDO', 'CARLOS GERARDO LANDEROS ARAUJO', 'SIN INFORMACION', 'http://www.itslerdo.edu.mx/', 'x'),
(254, 10, 'D', 'INSTITUTO TECNOLOGICO SUPERIOR DE LA REGION DE LOS LLANOS', 'BISMARCK ALEJANDRO GARCIA CHAIREZ', 'SIN INFORMACION', 'http://www.itsrll.edu.mx/', 'x'),
(255, 8, 'D', 'INSTITUTO TECNOLOGICO SUPERIOR DE NUEVO CASAS GRANDES', 'ING. JOSE ANGEL PENDONES FERNANDEZ', 'SIN INFORMACION', 'http://www.itsncg.edu.mx/', 'x'),
(256, 7, 'D', 'INSTITUTO TECNOLOGICO SUPERIOR DE CINTALAPA', 'GUILLERMO ALBERTO CHANG ZAMBRANO', 'SIN INFORMACION', 'http://tecdecintalapa.edu.mx/', 'x'),
(258, 3, 'D', 'INSTITUTO TECNOLOGICO SUPERIOR DE CIUDAD CONSTITUCION', 'EDGAR GUILLERMO POLANCO MARTINEZ', 'SIN INFORMACION', 'http://www.itscc.edu.mx/', 'x'),
(259, 3, 'D', 'INSTITUTO TECNOLOGICO SUPERIOR DE LOS CABOS', 'ADALBERTO PEREZ PEREZ', 'SIN INFORMACION', 'http://www.itesloscabos.edu.mx/', 'x'),
(260, 3, 'D', 'INSTITUTO TECNOLOGICO SUPERIOR DE MULEGE', 'ISIDRO FLORES AMARILLAS', 'SIN INFORMACION', 'http://www.itesme.edu.mx/', 'x'),
(287, 1, 'D', 'Tecnologico Virtual', 'Director', 'Jefe ', 'url', '');

--
-- Índices para tablas volcadas
--

--
-- Indices de la tabla `carreras`
--
ALTER TABLE `carreras`
  ADD PRIMARY KEY (`idCarrera`);

--
-- Indices de la tabla `estados`
--
ALTER TABLE `estados`
  ADD PRIMARY KEY (`idEstado`);

--
-- Indices de la tabla `imparte`
--
ALTER TABLE `imparte`
  ADD PRIMARY KEY (`IdImparte`);

--
-- Indices de la tabla `tecnologicos`
--
ALTER TABLE `tecnologicos`
  ADD PRIMARY KEY (`idTecnologico`);

--
-- AUTO_INCREMENT de las tablas volcadas
--

--
-- AUTO_INCREMENT de la tabla `carreras`
--
ALTER TABLE `carreras`
  MODIFY `idCarrera` int(11) NOT NULL AUTO_INCREMENT, AUTO_INCREMENT=144;
--
-- AUTO_INCREMENT de la tabla `estados`
--
ALTER TABLE `estados`
  MODIFY `idEstado` int(11) NOT NULL AUTO_INCREMENT, AUTO_INCREMENT=34;
--
-- AUTO_INCREMENT de la tabla `imparte`
--
ALTER TABLE `imparte`
  MODIFY `IdImparte` int(11) NOT NULL AUTO_INCREMENT, AUTO_INCREMENT=1799;
--
-- AUTO_INCREMENT de la tabla `tecnologicos`
--
ALTER TABLE `tecnologicos`
  MODIFY `idTecnologico` int(11) NOT NULL AUTO_INCREMENT, AUTO_INCREMENT=288;
/*!40101 SET CHARACTER_SET_CLIENT=@OLD_CHARACTER_SET_CLIENT */;
/*!40101 SET CHARACTER_SET_RESULTS=@OLD_CHARACTER_SET_RESULTS */;
/*!40101 SET COLLATION_CONNECTION=@OLD_COLLATION_CONNECTION */;
